mtllib ./21_MT-KINOKO.mtl
usemtl material_0
v -0.074744321691712676 0.00085751596307972783 0.014458986734133261
v 0.073819052817390943 0.088967722382171613 -0.014589691988939162
v 0.071749948780407052 0.088320208413099982 -0.014902263468457223
v -0.072794875805661893 0.0013354722165639689 0.014644811254295828
v -0.07475396670351625 0.0030810265662926618 0.014588176428690912
v -0.074292490200199582 0.00026393195526121325 0.013878483768412437
v -0.075233289741051756 0.0006064333752948697 0.013921585402572706
v 0.073464307371905097 0.086014928131931817 -0.01516234422491102
v 0.073350095567337126 0.035130783467619491 -0.015088730361965641
v 0.0080584164493480819 0.046239424859603029 -0.016970446880618165
v -0.072351914547755497 0.00032064457150177741 0.014145302807791844
v 0.075585173435763861 0.044161550481517695 -0.011626652215088821
v 0.074794857659118169 0.086902347466047955 -0.014644605280739683
v -0.073635342699339079 0.0046800273502820358 0.014974595195307663
v -0.072063347958795335 0.0044890982119234393 0.01493528566199543
v 0.029488712857259635 0.039693191417046969 -0.01708007885589273
v -0.075291730026547307 0.0006666836342889104 0.012452803412842835
v -0.069238590449998347 0.00057518185557800864 0.014443068911664175
v -0.069640936667302727 0.0026660399403645313 0.014826592640818074
v 0.070551355909530614 0.089317046022100458 -0.013998668793859602
v 0.066394457731392423 0.038242846767255437 -0.016097012813757323
v 0.075173239704801803 0.087411692935865482 -0.013993328271871303
v -0.034610301270555262 0.090051935269437999 -0.0063898903278507713
v -0.02667322156251686 0.09007811376910016 -0.0037505194449525868
v -0.025012797729669353 0.060543340145656863 -0.016289751338523038
v -0.022899986402808357 0.054908089730099474 -0.016471334447849661
v 0.072795839055675521 0.089330865058166273 -0.013869447379461906
v 0.076775573554595536 0.080581670542089784 0.001768451832911844
v -0.027170086415048353 0.0561974563384426 -0.016358365916043484
v -0.065371266705265191 0.0009079649033943599 0.014581212014753061
v -0.013058805057501774 0.05369781456101172 -0.016667345414934379
v -0.070319201566925532 2.1117858504340132e-05 0.013134141158271146
v -0.066873031498822608 0.069953408437476591 -0.014923840061270129
v -0.063909542324505658 0.00044082675771267939 0.014185487214265335
v 0.070303672666110983 0.084942704834875482 -0.01529207200965061
v 0.012275923894781153 0.042851253869373225 -0.017029060957975562
v 0.05757085020800351 0.037144906410506384 -0.016737450351252205
v 0.076177445507929167 0.061422298809913407 -0.0060291593835232141
v 0.062990174242042396 0.089631782417749273 0.0022671250096917206
v 0.057120138316062365 0.089809027344166209 0.00058602972166017905
v -0.062870266964833721 0.089990163163208403 -0.007950946912735601
v -0.05962932177956394 0.090031663415371624 -0.0042724577704318489
v 0.05547188383837217 0.034812218305803368 -0.016830572930803585
v 0.062119407759700415 0.089717277476200577 0.00031927178909184399
v -0.02875691587294987 0.09001125721652381 -0.0078697887457271458
v -0.05944412353313891 0.089958304082071006 -0.0094837621191041152
v -0.075361987063928909 0.0026286784161445921 0.013075681158910474
v -0.072265622257315171 3.1646969500754229e-05 0.012214855557842227
v 0.035749258676212918 0.039236672891421784 -0.017091179303506353
v -0.065652057762359828 0.0034437123563545407 0.014970842995724633
v 0.07627835444470947 0.058982649929547507 -0.0048738343356909981
v -0.075572352709835755 0.0033881682201588464 0.010640553364346394
v 0.028455974563722869 0.044393438056057478 -0.017042817907459987
v -0.071835323227419798 0.0071886866326974662 0.015166360305454825
v -0.060662629909587033 0.003669720705803806 0.015013091820249024
v 0.0057751161324637104 0.049677151894442731 -0.016925703734494483
v 0.075617756759387464 0.048813046867341343 -0.011573849939396818
v -0.060259947984779953 0.00080231193861555344 0.014537931833365188
v -0.066611225700499238 0.00012188698338375442 0.012988492974996269
v 0.066435148397859189 0.088616480630987288 -0.01470622900805711
v -0.068341068411756065 0.005854775612008564 0.015194634809255382
v -0.074386727579611067 0.0069451962604414816 0.014728176079168211
v -0.075147440486410519 0.0061762010213507962 0.013864099802497786
v 0.075394730291287307 0.088723373752737283 -0.013971835260676963
v -0.075497734639153144 0.00078482640978721542 0.0098810400986070086
v 0.074859695683239871 0.089234705181424956 -0.012640721414418368
v -0.058701382700285229 0.00011123305051741886 0.013002383688450303
v -0.056480747611879878 0.00061761145761030046 0.014468550806726224
v -0.067640732539539006 0.00010474155527318943 0.011338036192389473
v 0.074936441825268096 0.045378563778478043 -0.012001188141068474
v -0.062269535317652613 0.00012128165452907918 0.012925529365790474
v 0.076815815954069722 0.083930254566225743 0.00060831821423016665
v -0.028939249007026546 0.0589573374469822 -0.016260158362771331
v -0.064214816391220508 0.008155437760153525 0.015476430185948598
v 0.067343948956337718 0.084865462220462179 -0.015293377133544376
v 0.074850967610337521 0.037691195810712681 -0.01201931659703665
v 0.074408894846693871 0.034735363920597583 -0.0143880009887444
v -0.073407321504658368 8.4376237287548598e-05 0.010425432870748229
v 0.076233182392462046 0.066974965086374003 -0.0066153263990587803
v 0.075673509089441121 0.086564145985957408 -0.013479505305550218
v 0.074687960211985024 0.044840052008422407 -0.013874512745105864
v -0.019011386777354897 0.052714267889052868 -0.016599538911747744
v 0.076048756185588942 0.050658687551866997 -0.006709671651647907
v 0.047523754832264668 0.039385909214078932 -0.017021928960496344
v -0.053308380879579717 0.0012518779474602788 0.014645518169995696
v 0.057538161337933415 0.089559607441899919 0.0050160017961634763
v -0.073379950214018302 0.010083224797573965 0.015147833321173962
v 0.067672147328218274 0.089414094129436184 -0.013640142846144329
v -0.055061140201078315 0.0049505729945784512 0.015227083584613596
v 0.00019301979529842936 0.04861955361996554 -0.016927226304204568
v -0.05007456010382564 0.00051840126338377414 0.014292399998142072
v -0.053466398155289044 7.9785534011948101e-05 0.012730586993370742
v 0.076834906629206987 0.086421324577197256 0.0025702845969139952
v 0.064276047343864592 0.086104507335728289 -0.015121763075784545
v -0.069834231570141181 0.067966303417228327 -0.014623610267757376
v 0.076452593232262958 0.065381647547328919 -0.0033356872396396535
v -0.069565902891637429 0.01067520814615407 0.015495425227649554
v 0.052231220631577903 0.089714607656810635 0.0033364672607705823
v 0.050558178725307948 0.0898699397240217 0.00011534085997065089
v 0.047767214404908442 0.089825548596652746 0.0017347878296936664
v -0.052052778256832306 0.090034846157671614 -0.0063104816776420455
v -0.059108674573624967 0.0076791087194014833 0.01549024819906409
v -0.038909352666899509 0.090075354581447692 -0.0034084497314768258
v -0.051056524457349109 0.0024443626708453591 0.014904183272459189
v 0.07474537567461019 0.083880642410982628 -0.014659900706376426
v 0.073522126527306456 0.082280132745750176 -0.01524361165226791
v 0.07631692037551667 0.068449691496099141 -0.0054175110054670607
v -0.068104691617376423 0.080916605221242013 -0.014580715818484375
v 0.076340871326510684 0.086862985634407364 0.0045025797876876317
v 0.076077581415804438 0.056768922692759717 -0.0066880167055828384
v -0.071002311742996274 6.1057026196102045e-05 0.0095897730026849627
v -0.038958775026213574 0.090005528568529239 -0.0092802209484491166
v 0.063113873032723339 0.033468411218501914 -0.016399085369171163
v 0.044950920301519044 0.089712469216772658 0.0038972183085240189
v -0.07406198906535158 0.0007688870683796174 0.0089901287409099827
v 0.026438032279385165 0.090021055692579607 -9.2844366102576878e-05
v -0.017705738778035787 0.055339371281050355 -0.016573982647471903
v 0.0247009162413908 0.090070037298587174 -0.003583474986412081
v -0.048921090823911155 0.00011346576350260398 0.013344118107377517
v 0.062328565441886759 0.089398241154042102 -0.013719196772422381
v -0.048186248721094657 0.00526757647091143 0.015431996923635369
v 0.058013515506285529 0.088758274595982858 -0.014583451021244647
v 0.055464969925298785 0.089939809413287386 -0.0021375218553768565
v -0.045482585832908526 0.0011620737766539773 0.014802578229729642
v 0.076672549478770086 0.076059440399699127 0.0007942682326150804
v -0.074417968816937768 0.076607574415570479 -0.013075751262221023
v 0.075799648010591636 0.088286399168721247 -0.012349677927654318
v -0.073951920352853182 0.072203953430072132 -0.013640172299194351
v -0.073328642245662226 0.075035798127761233 -0.014070956197880046
v 0.045045642447271564 0.089964313753612954 -0.0023053722386883464
v -0.07492897489965239 0.078300070410840833 -0.010833942798391422
v -0.07397828412761534 0.011410851406522891 0.01504595869000077
v 0.022951517160829247 0.08989274453133525 0.0019437009692915533
v -0.055612103477344271 0.0093238030697198569 0.015779587652703878
v 0.076664834660134115 0.069934875071800781 -0.00054496966091014114
v -0.038995884507807291 0.060544333885999085 -0.015996798643112573
v -0.042909586074882822 0.058095453409259007 -0.015954107926067412
v -0.075053348833434536 0.011830802864053615 0.014107877874341854
v -0.062354991193365412 0.064470466465489457 -0.015257575298899206
v 0.03728118309797291 0.089871179222306918 0.0018098383540388009
v -0.042465224809771843 0.064835426746276403 -0.015818718403072279
v -0.04662098466877318 0.058313256048229671 -0.01587047311727393
v -0.063206981018146965 8.9961616484865098e-05 0.010734810837126893
v -0.043056650903603395 0.00017727422812775884 0.013974288273066392
v -0.031914146265236677 0.055678307443379427 -0.016262214456288466
v 0.076606272962273306 0.072028233136916101 -0.001770876699227704
v -0.062521336345072023 0.010851828721024619 0.015702090384940002
v -0.041587667802730911 0.0010111732766057921 0.014645959983566834
v -0.057208956475086205 5.5987989654494996e-05 0.010321638478932721
v 0.076726471270572236 0.074518883293881844 -0.0010368375547051738
v -0.050683434774665262 0.0063691037890555207 0.01552541394404661
v -0.048635582444073316 0.064525936205352574 -0.015700857822760435
v 0.019579729421327598 0.090054759470563406 -0.0042587911258209739
v -0.043807915978779824 0.0072422816035406928 0.01558685161682203
v 0.018801691513960044 0.089993495017666028 -0.0019629511459818665
v -0.040535661509276011 0.089991572812305048 -0.0064991667565660813
v 0.071332142269067048 0.089459907330843025 -0.011003737211631974
v -0.074206023423613765 0.078577525715707836 -0.013207813621095325
v 0.020026113982795742 0.089909362030676052 0.0017207348401719713
v 0.066396825967060299 0.089397809571568981 0.0051972792112016776
v -0.074315701602290868 0.079113283623957892 -0.011559328697101988
v 0.076627291990493118 0.080398212177433592 -0.0032999802787767674
v -0.075030581325568529 0.08328085985244861 -0.010695595178381199
v 0.066006133896810121 0.089634313204844149 1.8393535667726272e-05
v -0.066518098943983403 0.013352813313263101 0.015752975718661553
v -0.060749815097122774 0.0709706299986545 -0.015228288157499145
v 0.042157733336467662 0.039724697879730479 -0.01705711821006935
v 0.015642982967498206 0.089973725374876606 0.00033124700302963168
v -0.038327594282859791 0.004260747282433106 0.015105459338048143
v -0.0077791940565140032 0.090123863332429985 -0.0037355708033648951
v 0.00052137002268537404 0.090047913258471293 -0.0019515349697062977
v 0.0013340249238752437 0.090092600667463454 -0.0039660124927607529
v -0.074845187714454947 0.079176832604426428 -0.010722707247216169
v -0.051812718201642516 0.061503074590054996 -0.015678773956417046
v -0.075000316702585071 0.087856900746441105 -0.012449622948981857
v -0.074459541268498214 0.08754049293403654 -0.013182434684321164
v -0.037028002421280001 0.00038621447667279765 0.014162233155182193
v 0.020970481328958623 0.044494395277651887 -0.01704379483379739
v -0.0053371058917862394 0.090055385128232898 0.00048586053049994742
v -0.040899617323328176 -0.00022068399618347908 0.012875703348562691
v 0.074989385771550732 0.083412757490177736 -0.013413125475090291
v -0.054915728801163861 0.064123790866088076 -0.015549819733963877
v -0.0084700131179497196 0.050771860715244893 -0.016764061677074039
v -0.043899442120649258 0.011002310730037506 0.015927431883454884
v 0.013654263554950389 0.090052756405238146 -0.0034834399954009601
v -0.046849524425145922 0.0091319137656093487 0.015811198375009342
v 0.069508773087582298 0.080671284553946038 -0.015599388463197961
v -0.075048262078870664 0.086226501753707024 -0.0084052883390654271
v 0.058945239365239564 0.084700098538839447 -0.015269463837789389
v 0.075699542185358404 0.055275427744987941 -0.01149427140771293
v 0.076499467717367542 0.07627429294899396 -0.0043555928655072736
v -0.031039302057725079 0.062431948167747005 -0.016133403977676267
v 0.0099524903510854225 0.090052514707210707 -0.0033356485294765599
v -0.058421037775204986 0.0644137276741691 -0.015447884575798486
v -0.0058242749634963686 0.052296909550845372 -0.016792366349922337
v 0.010738422570695974 0.089965638593873326 0.0009381354034173413
v -0.046316978989058566 8.2741197700880013e-06 0.010068551745309223
v -0.054343161082495969 0.0121603689196857 0.015999584469920173
v 0.0069547404654472927 0.090008414462181455 -0.00049820912314428307
v -0.049968621054299292 0.011263775368868037 0.015973666915601537
v 0.074413600272150826 0.044441675011199111 -0.014412526797038241
v -0.027634575007480094 0.00087522722057082865 0.014470188681884572
v -0.058568514197901198 0.01436467309209093 0.016090160179913205
v 0.0065489528251986701 0.090079616314432495 -0.0036367929091309648
v -0.036305236356442047 0.057824763290547594 -0.016115534008173425
v -0.060824490270783176 0.08979462076706804 -0.012485243413342645
v -0.060312905513019363 8.3698174139003887e-05 0.0098646467722214685
v -0.071254541399340343 0.015687721235553169 0.01551609860436501
v -0.056105629479150834 0.089780427398155616 -0.012590351901780691
v -0.066748337485106474 0.089957097707848405 -0.0064627745119323291
v 0.063810398594791054 0.081578806742178156 -0.015601335121242881
v 0.075849520925036829 0.087455552657948216 -0.011079247932232614
v -0.016887319880434581 0.090092070004628405 -0.0060686832839717403
v 0.0041860904990690916 0.090045739293244081 -0.0023305963995541479
v -0.0082735439162027035 0.089981251755351127 -0.0085132025202623723
v 0.074300193273643983 0.089323684035601425 -0.010211277588898717
v -0.034876793948832453 -6.077467278809719e-05 0.012795111699455651
v 0.028557209408158122 0.08995872862446988 0.00045243449745163082
v -0.066744141976720683 9.2052069433488085e-05 0.0085887879308064515
v -0.07540373821868443 0.010855156308088795 0.011919671257678826
v 0.068828341743525298 0.089538420755631606 -0.010976382025860588
v -0.011087558007451597 0.047992702652009694 -0.016786142021541838
v -0.040255784143751486 2.440322274387085e-05 0.010994313071300544
v 0.074729381017737975 0.079503669348544886 -0.014570610017079167
v -0.048040349126829501 0.012254452246497217 0.016058727933251585
v 0.06970172474013811 0.089485099028342244 0.0015204731043714996
v 0.052322989884287643 0.040741867324495924 -0.016915912670534366
v -0.067209660217434783 0.089787221484483051 -0.012490339987695647
v -0.071559472152155468 0.089831755347222889 -0.012260057058520131
v 0.076024048463923896 0.086907832606610197 0.00013853249451851725
v -0.028489189667873453 3.352184175978127e-05 0.013411673264193185
v -0.023555396945376415 0.090074362351844753 -0.0017939819744464006
v -0.070537430809268192 0.089895739630289975 -0.0041555115653603746
v 0.053421074103343402 0.088467982012506052 -0.014622060352878429
v -0.073721976357897373 0.089553369937369287 -0.010920400521184592
v -0.030129299108254209 0.0043561809024710851 0.015079509920055467
v 0.024247837551345006 0.038493169871372634 -0.017075993719776403
v -0.038246511859639329 0.0091908978465065055 0.015739687795033163
v 0.075682150494854633 0.088574150496640622 0.003681759523602419
v 0.075963461367080362 0.08748551132736665 0.0073807060249506395
v 0.076369943107952962 0.07459858410855362 -0.0061704169399095466
v -0.067325975502821073 0.018167801661626178 0.015888476747849743
v 0.074509106705803393 0.089204594258919273 -0.0013907204683543811
v 0.07424982276212172 0.089167444407224267 0.0051636926958777245
v -0.015784646137277394 0.090046462198279831 0.00011530303145499278
v 0.054291290918461826 0.089559042032781505 -0.013063835970790621
v -0.050050002967839277 0.014009959042855322 0.016119352267577609
v -0.073896577308330519 0.01702146137222612 0.015142585249120067
v -0.074908335796517886 0.088807787316986297 -0.0068778782566573512
v -0.053953740535807981 3.6577731238666643e-05 0.0086862164502500318
v -0.046788007701204726 0.090015345324839402 -0.0075056874114479907
v -0.033778620163480925 0.0089796229603952595 0.01570434089556497
v 0.071588339575814244 0.08943915233469435 -0.00042968532833127966
v -0.061852458067218521 0.018547831117735156 0.016147155794613649
v -0.074821379212802394 0.088907948174090992 -0.012086950652028944
v -0.07447289651663043 0.089328658173780509 -0.0084834213254958747
v -0.02358437946575364 0.00024744376911017395 0.013882938934949541
v -0.017620433093454679 0.0010417988435788667 0.014507141574619919
v 0.067796281337811154 0.032735738284618184 -0.015943304746152701
v -0.024294430323112955 0.089982193005806108 -0.0086018346057355824
v 0.072983829561932861 0.033473079404244002 -0.015211917225420469
v -0.075808425213381103 0.0012619475486581079 0.0067785323798022134
v 0.04833135648415348 0.089477007657062985 -0.013544870126842069
v -0.075613156806704857 0.0087181381129688828 0.010156481310107237
v -0.03877859626677406 0.012365283791791573 0.016090140008386947
v 0.052873372770027918 0.083776476620102083 -0.015323575464281189
v -0.028477750591684232 0.0065814582431447484 0.015442228411782074
v 0.076379038943631863 0.072331694716682354 -0.0051322722245345405
v -0.0042378215792847774 0.046767352666420771 -0.016885106732213273
v -0.022359356866666253 0.0063396599089266172 0.015398493216646353
v -0.056876815300028749 0.019067755051951314 0.016313868507546778
v -0.043881326301902321 0.013980172482879805 0.016181727982589138
v 0.063866904663883436 0.089602692325092423 -0.011063172022010041
v -0.050674106974416461 4.0505214684522261e-05 0.008269736444272981
v -0.022385706469479003 2.9017037303562949e-05 0.013159719677585779
v -0.016179321519334693 0.00039231919586267024 0.014106219091430732
v -0.073146422211219586 -0.00026773523238063205 0.0074145577357669964
v -0.029021257850892927 -0.00013598628775238802 0.0083337954791323828
v -0.031878830529766783 0.011134011905973167 0.01598613636237578
v -0.043855441838471329 0.09003869455323496 -0.0063495170621474311
v 0.075546742471687647 0.082285613011971029 -0.012647315749705774
v -0.064395921370574594 0.020955110783998705 0.016123804324230349
v -0.055180749505232385 0.01743272070769452 0.016265055334987708
v -0.033240279278432032 -0.00022018954520841921 0.0085612847140114773
v 0.073698138898447799 0.077882848431747628 -0.015279669772945557
v 0.05891845489100634 0.08103139151287278 -0.015648509221685133
v -0.044008353738154656 0.089902978039247405 -0.0097229010116042548
v -0.075036105804779638 0.018953867641451731 0.013956566873476055
v 0.067313712476600285 0.077721628588351188 -0.015829071747528234
v -0.053657530904330522 0.018745492951260351 0.016354181350409679
v -0.04901978203111499 0.016085798957611291 0.016300309862795629
v 0.04646618639736793 0.088727706786921004 -0.014449465511411057
v -0.075742547365488841 0.0056806192281340061 0.0081158820460452558
v -0.015153449598554964 4.9636848560652406e-05 0.013361869566608233
v -0.071606720017396486 0.02126195462860583 0.01554281914118948
v -0.026674047456610336 -4.8224084162776328e-05 0.010473995531387387
v -0.046058845526106222 0.015908798751291545 0.016310743233208202
v -0.041237324480570658 0.015529875604731227 0.016335688266555903
v -0.07328572877461613 0.066995632669201 -0.01402582875707444
v -0.010567826637637551 0.00085114204656015378 0.014487761572689601
v 0.003858786954064327 0.043971976496947188 -0.016963815738863183
v -0.011757217172324138 0.0001041080844393438 0.013832818469813537
v -0.068472247300780137 0.02159050805395079 0.015867499227218945
v -0.026366002036790365 0.012267822126131502 0.016100759352491889
v 0.043488451032945914 0.084868493967118805 -0.015101952566068628
v -0.073939614563663811 0.021337475658501838 0.015158876717953421
v -0.043902246311947841 1.933328067458066e-05 0.0068672892881267468
v -0.027110402387551663 0.052101861703804903 -0.016445313152443301
v 0.058442522477581617 0.089747852327579786 -0.0095853963500055102
v -0.057375556352677368 0.022960221787955832 0.01635795535506172
v -0.02684633432122234 0.014807441365416098 0.016348933442423802
v -0.074656833522127833 0.0011090630679920707 0.0044011889298638191
v -0.051769118465707344 0.018583002443673939 0.016389703946009308
v 0.040426617189654381 0.088590604017780961 -0.014451615783324942
v -0.063142157765405812 9.4456165078994031e-05 0.0074219848716079121
v -0.068504397133519163 8.6106719316571238e-05 0.006283062931155923
v -0.06027723340185611 6.2375198634927718e-05 0.0072089138277224504
v -0.0060337888853677626 0.0050302041279224954 0.015189546700566707
v -0.022394731734197856 0.012394841893344508 0.016131455291975308
v -0.0084934748003045873 0.00021924277124877754 0.013928009336102727
v -0.008969794936510702 6.7675498210106774e-05 0.012957364826954041
v -0.0049038034182425552 0.00085935261745114953 0.014497048280367223
v -0.070791958759366169 0.00017910074942357026 0.0058009869905661241
v -0.0047366732697753759 0.00015691309166454358 0.013816838867247175
v -0.015030447488297818 0.010022342336351568 0.015858038108008697
v -0.054704691208902527 0.022159027506815396 0.016470889162972218
v -0.043446130471627833 0.018221625011354502 0.01647447731524055
v -0.073676932557525526 0.089516320736341443 -0.0027068296937056645
v -0.010521815579342576 0.0080352169825563587 0.015608952983219243
v -0.02841987754027335 0.016213232274088878 0.016464069443208731
v 0.018705671544938261 0.039425071309846703 -0.01705865935978074
v -0.037936004961646931 0.017849203653912057 0.016503417648593609
v -0.073379091562285101 0.0010727730844214323 0.0055928309159141171
v -0.075798358277587394 0.085240814082748514 -0.0086788206520835038
v -0.035471436561051832 0.015636216442954858 0.016355253217981661
v -0.035979149375212148 0.063355812438554579 -0.015991856410944374
v -0.001974466691412395 0.00070734081095494001 0.014439504335394883
v -0.014124616606780965 -4.765644260621871e-05 0.0093007495447301573
v -0.050826371295843532 0.02272433877465093 0.016589242718971851
v 0.0013621214057467023 0.00078535091479258043 0.014483476143924661
v -0.057078174037020889 3.6311588366229047e-05 0.006925493160723481
v 0.001537326495600176 0.00011250103648538666 0.013666351886773535
v 0.047570885048488651 0.081903945604845763 -0.015462101583812176
v -0.009032274258865134 -7.0976424420170672e-05 0.0093176250317265549
v 0.063942861595069136 0.076128100391630149 -0.015978990428656664
v 0.0013281219783471414 0.0065921638637310553 0.015439343552338612
v -0.075537607711152518 0.015632672741553458 0.010603491216802097
v -0.075871329907979956 0.0036663846953214063 0.0055613679656863011
v 0.07573127837804737 0.088468214436214346 -0.00079603129017408614
v 0.075378080071831152 0.088864409635311517 -0.0089131460680378707
v 0.062470196060994361 0.089502856459024865 0.0043421300863917892
v -0.058803111940069312 0.024848599027946169 0.016462659291339055
v -0.048545973750152009 2.9211368629676279e-05 0.0065963006751501001
v 0.004562487513190952 0.00085255465521677141 0.0145602178311594
v -0.0030454637692414977 0.0084308505829194802 0.01566258949014249
v -0.019821038506392118 -7.6142944870720596e-05 0.0077247880333888809
v 0.007894372002154924 0.039981894658588521 -0.016991232439195182
v 0.037623678777301758 0.089552037761738645 -0.013339016791351549
v -0.075831614105782194 0.0013290028431736727 0.0040227432186724565
v -0.072827031565958503 5.9585155388938471e-05 0.0038797119475736394
v 0.007552822130370394 0.00080823852925782959 0.014509089249423847
v 0.0060058478795629424 0.00012144090431217872 0.013703838632680505
v -0.041374799528031608 0.020766974399526281 0.016610535761150264
v -0.074993426471244101 0.024422484954293326 0.014053563885016154
v -0.033555980064924273 0.019061949853480399 0.016592323875042246
v 0.075696744155797621 0.083368029042512531 -0.011553665115016723
v -0.0012316300078431446 -4.203416965789133e-05 0.011323224727099001
v -0.0062694946768003818 -6.1551241556510953e-05 0.010209688344750072
v -0.030151194603730221 0.01915186755029229 0.016620552690692077
v 0.01062084127776395 0.0048667042398198917 0.015194284664635125
v 0.012230978107985475 0.00071570964144190927 0.014482684276334229
v 0.073470731716835755 0.073420696836949031 -0.015284739127270236
v 0.01057980847664345 0.00014074653318123234 0.013549349830493981
v 0.0096654704981271929 -8.6850929352492542e-05 0.010349533917408638
v -0.048530693482051301 0.023752938184262964 0.016608731108423033
v -0.045078132774883498 0.021683207164962224 0.016656827462541865
v -0.075802935098789201 0.013232636495316807 0.0076603026756330416
v 0.074805553986368428 0.078497964249510027 -0.012546739588261652
v -0.010683446981489202 0.014823443663652142 0.016315059886367219
v 0.03535099319839468 0.090018921227973531 -0.0039368222101061837
v -0.073866845263043587 0.028389563192569835 0.015284025853238058
v -0.033034314100344041 -8.7589328406959563e-05 0.0074315297473842709
v -0.017724253002270075 0.01693253555476612 0.016488240900576934
v -0.02093111857895227 0.018151904397779056 0.016586775330964337
v 0.054043524929749683 0.089738851501029587 -0.010557086154838229
v 0.056433612026809202 0.077841080578185479 -0.015919943360516005
v -0.06868185187605097 0.02998739913075496 0.015967412104717155
v 0.07461094543675692 0.07757207248663478 -0.014522816943660618
v -0.066934329457171343 0.029271150930140131 0.016077433535594775
v 0.048202289240376346 0.089681057636103692 -0.011121903979641287
v 0.0028218829892634406 -8.8592601656951943e-05 0.010171490373684779
v -0.075633471705549488 0.018467885342585411 0.010098090903003705
v 0.018579620213795861 0.00076324624336640264 0.014479744513878292
v 0.033110778343867588 0.085360712766735541 -0.014980894088060949
v 0.015613549651594035 0.00010399827987137651 0.01367526574503055
v 0.07582596522597361 0.085961995091282134 -0.0095497901607690689
v 0.016223909567002807 0.0064235085338311577 0.015422040691384514
v 0.018482742609592751 0.00031835177788014048 0.014046666303454188
v 0.067729615309777558 0.08963535176503 -0.0088004945967258674
v -0.034701351704236695 0.022075908202034603 0.016752788192447802
v -0.044496907310789098 0.024153466326536383 0.016687715192077103
v 0.076634704624437944 0.067580313916590626 0.00051236874960854204
v 0.069429523481471148 0.072864448768037493 -0.015812854390099461
v -0.06473397486362234 0.00013742537404363324 0.0052371706985784522
v -0.075750830626955909 0.082780375443469667 -0.010109218923894365
v -0.026741949226635985 0.023383253470420577 0.016852973007716935
v -0.039138281941586951 5.0912618175765002e-05 0.0042986842098750137
v 0.049143996961610197 0.07889503399886412 -0.015814934316349977
v 0.030996085387472682 0.088775084739095816 -0.014348233322024808
v 0.023279304189504784 0.00064125021748699543 0.014505818305652439
v 0.061494491001659608 0.074075799304858553 -0.016117208960534615
v 0.021826470446729428 0.0048901883015010994 0.015224834019081819
v 0.022962716576547949 3.2294539986804789e-05 0.013085238527818082
v -0.055165928667664954 0.00012395602635601437 0.0048476595971961326
v -0.060389889346211943 0.03069434146959105 0.016512278429177314
v 0.076459633261443574 0.061568105175391796 -0.001403019332007307
v -0.05797432582268907 0.030384639193991873 0.016611518411094626
v -0.065374948158037252 0.029680555304130371 0.016196982986523889
v -0.060064840615362242 0.00011745225903165814 0.00447491138246741
v -0.049540624031703742 0.028802443925608913 0.016635658210318347
v 0.0068064244522036965 -9.7092648534750627e-05 0.0077945883819309598
v 0.0067113088661089702 0.013430791056239117 0.016170383249063742
v -0.038623157376068903 0.025761109439383346 0.016822628593457314
v 0.018241380564340416 0.0091143991381496346 0.015759332006560069
v -0.050218127748629424 0.030766978204397256 0.016819897727478897
v 0.048044034903924358 0.028370613806129 -0.016952565048422436
v -0.030114372861271107 0.023760259756578167 0.01684547508575962
v 0.030617397707524929 0.00070270208440141731 0.014498785061174777
v 0.02831633837733169 0.00011693796242895466 0.013604830342340125
v -0.015337350263313402 0.021898502390716664 0.01679535853566309
v -0.0075079753843689282 0.017377211059957036 0.016533656494274771
v 0.030026867007576091 0.089840841796873031 0.0027130956981347102
v -0.045407518638029214 0.026902615049013787 0.01676664197365562
v -0.018896123232848904 0.046863455520127495 -0.016666670440933968
v -0.05710799683457269 0.03066301573351506 0.016532177085161439
v 0.050683416367119018 0.075401892705293919 -0.016076985760347228
v -0.07066961083087521 0.030952472911954184 0.01575225958815199
v 0.029021100935840208 0.007130305090212315 0.015566032828679481
v -0.032815108067863245 0.028403586876114339 0.016952413636648869
v 0.023707576656052519 -0.00011498292956841025 0.01018164776605588
v 0.0685197801980615 0.040988662064052134 -0.015846267933086685
v 0.019530600939316464 -0.00013561193080548634 0.0090174631692418773
v -0.075881304780870795 0.0085683504189640308 0.0061005233787043605
v -0.062531849279581553 0.00013650162806480546 0.0037920697145601289
v 0.022908474681524457 0.088499125380128205 -0.014355128559195731
v 0.038080269149424611 0.081574540117765992 -0.015463710654658673
v 0.035594047939563722 0.00058226515635769274 0.014469310657921695
v 0.037344717018105218 0.0899183129126533 -0.0081802786670746742
v 0.043440124791738505 0.077502305181203865 -0.015904147257328954
v -0.039102819874511481 0.029646501032159066 0.016965931678257318
v 0.071179376401669464 0.089547923125340739 -0.0074702742766857236
v 0.031275230371847353 0.081984036559691872 -0.015383198843649894
v 0.016055376776065746 -0.00013334111485755937 0.0082641304845046774
v -0.07562667829475761 0.076253461957570101 -0.010240514615594934
v -0.049091547624404715 0.030164338265453811 0.016787790081211673
v -0.052264868876967623 6.5074430431898519e-05 0.0045504368873408689
v 0.026071909013697388 0.089608373826352311 -0.01297499047222111
v -0.019271071075567275 0.027491437425589314 0.017026186590830598
v -0.029646269892494033 -5.6472862700514633e-05 0.0060970151286919919
v -0.07340792940208607 0.079437888675208901 -0.0141207296272242
v -0.075032757840354458 0.029246717882518723 0.013866395258302112
v -0.067369219861810797 0.00023313205379354583 0.0037312937688226107
v -0.0038186788087310065 -9.9222584186479024e-05 0.0078865834345776854
v -0.072970443333854329 0.0010965227656375589 0.0017051614238432042
v -0.073776334212182312 0.079540438566481519 -0.013898622727652013
v 0.044488383215653043 0.089818706399883166 -0.0097573192594607953
v -0.04456737190166446 0.032395121198419662 0.01690204230446685
v 0.038064118823729842 -7.2902681614634215e-05 0.012974742501665561
v 0.04188460624663512 0.0012361637639619436 0.014743545856168418
v 0.043830983366455266 0.00018494853552637478 0.01409765837742733
v -0.073754682451738815 0.032146194048365176 0.015285646174918368
v -0.027160835230234173 0.025658035894997346 0.016944661398461291
v 0.021253293258405789 0.08528793330153335 -0.014904846348595307
v 0.022489645248959189 0.089363039439727843 -0.013629352772268006
v -0.065471449384145911 0.033706626279834777 0.016239926687506217
v -0.024573970435272208 -0.00017388343101246812 0.0050337489487669888
v -0.057922341602681247 0.00013248763549645611 0.0037384467741616899
v 0.0019181260045688315 0.023443370995029036 0.016862109827015678
v 0.070433351504116892 0.089232416796617281 0.006389467363010529
v 0.0020667066920205465 0.08997235449201274 0.00079960184444095189
v -0.07090581178164336 0.00036731044895147179 0.0015869821345266958
v -0.0040750679277199806 0.023018200295207972 0.01688025636115606
v -0.074977031875697278 0.032825927266265195 0.014001882703668539
v -0.054007656022702452 0.032024931601272656 0.016678296361818865
v -0.011100420454701037 0.027131393762717504 0.017037817481727922
v 0.074725121114644161 0.033796391872455027 -0.01197314404999898
v -0.062464474337354942 0.032572484161295941 0.016408694548799629
v 0.035471187865245224 0.0069863997376007399 0.015492317797970837
v 0.058308905367394456 0.02584000481185008 -0.01664261818156227
v 0.074646544477763699 0.071557510275014002 -0.014525270358834722
v 0.073120765490752637 0.042912917639003227 -0.015189107753242972
v 0.025152414488060163 0.082069251610270746 -0.015345542492015635
v 0.046481466786327474 0.001184457354168815 0.014829801795653063
v 0.056629470782498637 0.07121850270588756 -0.016313639470915138
v 0.040769860220861036 -0.00041353032661846768 0.012224326718475866
v 0.075422639140379513 0.078269867974925675 -0.011459131649116954
v -0.026782206699153443 0.029744889990905361 0.017045569584455727
v -0.045461242847504926 0.031756422978699191 0.01681900237474588
v 0.037186582404401189 0.077745959805299802 -0.015865956046616503
v 0.072919208324290441 0.068729053670063503 -0.015410175949660604
v -0.075502963810746643 0.025151474592855043 0.0106938738916172
v 0.046616077219477262 0.0062409072882980308 0.015482916514452183
v 0.049221298277064687 0.00069405304178710527 0.014479700780231738
v 0.04630678075150628 7.9778432810838297e-05 0.013308938353283352
v 0.076237988871193207 0.084086746993398798 -0.010676121475391261
v 0.024814054257404274 0.015438489002065629 0.016366907900050867
v 0.018555999166795831 0.017626042925839715 0.016515611333665109
v -0.058235331025859149 0.036182569401116887 0.016700637233219712
v 0.011255307043536172 0.01979786614430163 0.016649412913452663
v 0.064399390841954021 0.069842168978786617 -0.016160234834197255
v 0.033478134009690581 0.013051490093186248 0.016172628345415305
v 0.075720287216717641 0.088515151608253559 -0.0059804968723368391
v 0.054279491521492675 0.00073751096490352983 0.014566747116491752
v 0.062083977973942855 0.089761214718968363 -0.0075273369111195703
v -0.050428161929893994 0.05743213359695383 -0.015780679172379942
v -0.048984390014686206 0.03634952823923164 0.016901554119902164
v 0.017163659162439393 0.089906335361686199 0.0016410120583052698
v -0.075558420199715731 0.028697224993175265 0.010503349759688757
v -0.013904825802097801 0.0445739644946486 -0.016747098375434869
v -0.01757629771200029 -9.061811530260494e-05 0.0056085783010596836
v -0.075899866583378495 0.019798381989776032 0.0065183623724150959
v -0.068858515505157203 0.00020844404193191504 0.0010394371542594694
v 0.054381031114062013 0.00012267851100463762 0.013160158868409677
v 0.034085614561328657 -0.00050125060306053886 0.008599282738184881
v -0.072325602039492745 0.00034806276936215103 4.5625741312357519e-05
v 0.01538378940270789 0.084665079178038463 -0.014946070375100156
v -0.073859605626032665 0.040167461006714214 0.015240162810757796
v 0.013346966626291092 0.088745686710174354 -0.01420684048125029
v -0.071427886953914776 0.038165376918094449 0.015668324600393382
v -0.046410304540504446 8.3418368917294032e-05 0.0034933155699756959
v 0.04883902418760204 0.089779935400238986 -0.010320912435900609
v 0.075557297428408318 0.039751689106777809 -0.011686622679576035
v 0.059518248160264374 0.00106303331672436 0.014705921814834419
v 0.045569568694629733 -7.0621870360034776e-05 0.010703493926587303
v 0.04102666362892457 -0.0001372106152581345 0.011288116413212663
v -0.075930182714502248 0.0048875496525879608 0.0022875069293818769
v 0.076148329616328017 0.079374534304602173 -0.011193456000204429
v -0.068157819263719638 0.038704805982552368 0.016059547851746455
v -0.053496053313377243 0.036684838488264544 0.016776338227638743
v 0.039826681481366519 0.012694002839255621 0.016104938465107577
v -0.054667168466974121 0.058358729061554301 -0.015639712314001717
v 0.052456201763034956 0.0074368665265687863 0.01563365216447252
v -0.042955283039956466 9.5237761558503511e-05 0.003007288552806514
v -0.049504779858474998 0.03627771368662646 0.016830996367499889
v -0.049690627091171238 0.00011152134173565061 0.0031046511746760583
v -0.057772767981628961 0.041485265215870329 0.016721554680449866
v -0.074534302678248926 0.001316434646819684 0.0010048941641149388
v 0.062222744707051116 0.00055392472339798216 0.014395201842167846
v 0.058565922417420722 0.0069298752145410857 0.015421347107202669
v -0.034912020461687919 0.050925732193058161 -0.016257285857019379
v 0.030599525334720899 0.089848673037348351 -0.0096522778465160924
v 0.076379022256273521 0.085677312665524641 -0.0081927179374871022
v -0.031203177961564237 0.033097803271591848 0.017094511307215003
v 0.076025976830106798 0.045109716955390219 -0.0058309008112851579
v -0.0023538558298569975 0.089933319283521745 0.0021707523711916176
v -0.0060591395299830425 -8.4505309781679954e-05 0.0040364962827750522
v -0.0088783467003638126 -0.00010488903193767218 0.0051307020222140509
v -0.020975658065082226 0.061418719053229029 -0.016353634913028377
v -0.036762199740116089 0.034416002859862189 0.017021842684449704
v 0.023203664952690793 -0.00030964414378222807 0.0070788805524008881
v -0.00078425744419025403 -0.00011712212700334824 0.0064570696151660043
v 0.011187506701181148 0.089627538475719234 -0.013086948157927518
v 0.074653997933238098 0.033096934867417951 -0.013725591119061667
v -0.041276399545908581 0.035518987842058515 0.016981608865489391
v 0.065374438601289678 0.00010971861180103638 0.013236946569707388
v 0.01714734554395516 0.023244773244004438 0.01683562117675964
v 0.013906964433352145 0.023327347214132686 0.016845454503774185
v -0.062140372372024799 0.0403757644404803 0.016511414841654557
v 0.012201438743883283 -0.00015555181055011086 0.0067419136470763929
v 0.057854389975280439 0.089903309870557488 -0.0053977173959280315
v 0.076236336310018221 0.055895969847364904 -0.0044897289089603117
v 0.02712634041305979 0.078517142028973849 -0.015773246393469845
v 0.070866684272512831 0.00068267232008645978 0.014567823566699518
v 0.076383392001908773 0.082829489269360221 -0.0083445845870252743
v 0.068349158060140788 0.066763074714932216 -0.015964444710903674
v -0.017104580274419301 0.058812285870594803 -0.016484804866195749
v -0.064097175959997463 0.00025841527244141536 0.00046631888489583474
v 0.015457056580810124 0.089733865167243715 -0.01216344811519506
v -0.024152504010021243 0.03385211705936788 0.017156016605040743
v 0.05440941079562249 0.010586526821986094 0.015856976851530799
v 0.06943306667689024 0.0063552221535286869 0.015136428136371475
v -0.075537315439536054 0.030468236380948779 0.010254982433386677
v -0.0047409798887334525 0.043385692253933857 -0.016890002017785719
v 0.051838637082234983 4.1442956162620445e-06 0.01155890554678702
v 0.076665411927119398 0.086060463819603417 -0.0028236059112278838
v -0.021722487704617398 -2.8857290182903136e-05 0.005518354606192581
v 0.044362582150053738 0.070575468863989049 -0.016389294941034693
v 0.025139993772694283 0.022607010395435456 0.016767520958230205
v 0.074328968077373908 0.089283825112098036 -0.0062525572454445282
v 0.0010333429993479618 0.0519078236995471 -0.016861620597442093
v -0.074383633564247001 0.065848712388894171 -0.013141575018698226
v 0.017567849903903084 0.080416229728866931 -0.015507023893507771
v 0.010054345950939585 0.084551525882497661 -0.014926085746850762
v 0.0045166469336298072 0.029014863741001474 0.017077580634371096
v 0.053012140046693697 0.027651231476582088 -0.016839645398644663
v -0.053537338658573845 0.00012364869745840518 0.0030200868072332936
v -0.075903601890905045 0.001927886123225978 -0.0009392724349298892
v 0.04908715571472539 0.016310196229794453 0.016250016736329413
v 0.032572721658469597 0.07405342890920838 -0.016132636768344324
v -0.011496120020985821 3.1139058324574203e-07 0.001883152797270328
v 0.0034410278202190413 0.088759229342146875 -0.014163101737104935
v -0.0063198819866439535 0.029289760556723898 0.017100126677183598
v 0.04202324931634481 0.029177737373211794 -0.017023511496470189
v 0.037735185326292373 0.089580123536852199 0.005683160632736212
v -0.075967542906746066 0.010941566919176776 0.0021186975242125446
v 0.072049015440644182 -5.5578959207534882e-05 0.013070485480260921
v 0.073315666318723549 0.0020314363022076948 0.014583528791157083
v 0.063559013148774463 0.043855503608520023 -0.016404923999603561
v -0.042165111357485081 0.051425655158815739 -0.016064145492428544
v 0.023612758011184575 0.089613991798400738 0.0057351389428790204
v 0.050206885446677001 0.068226440044387021 -0.016483821948979092
v 0.064844940996226619 0.024899332765142071 -0.01622653697587674
v 0.028343041180424154 0.022465275430248524 0.016740409358239488
v 0.074218739807710959 0.00032820192152716021 0.014286959430755468
v 0.058362245671798305 -6.2372310679773064e-05 0.0099477221398813591
v 0.033753245841062693 0.029885383062022416 -0.017055041641656929
v 0.075750965074464299 0.088520462716476289 0.0080981244999635445
v 0.075011415476364168 -7.1763067429283088e-05 0.013464675926962625
v -0.00036016310631248316 0.030249740415501103 0.017115536755421538
v -0.056027767326090203 0.00014714718032155454 0.0018953383992520432
v -0.01658141270189219 0.035029493666674655 0.01721956257561948
v 0.03765777938548056 0.071198576856439239 -0.016352187719743099
v 0.051567710506205323 0.089877658181155368 -0.0078492958292788774
v 0.029515437700386081 -0.00028953353656845961 0.0079255601931455463
v 0.0042307046867209484 0.089577300430200985 -0.013252397294077633
v 0.038748075324389931 0.021040416710862757 0.016592449687547823
v 0.074686341186993008 0.067862277801627735 -0.014317118942204485
v 0.074947656949222716 0.001258372978355382 0.013781307589828177
v 0.074686589974862327 0.0031329376661687765 0.014059261423207622
v 0.075261704129094997 0.072621057435386605 -0.011639339744241211
v -0.059960731219170234 0.00021984703096486263 0.0005671042191090275
v -0.069677873114916716 0.042974097114234402 0.015908323952888829
v -0.026054272792945088 4.1666465738110242e-06 0.0041667969730276866
v 0.076541649905621761 0.064923030666899167 -0.0014743220140338846
v 0.061324547715900929 0.063985370808526426 -0.016427112236710877
v -0.075989291508237328 0.015131310848730142 0.002590523552028815
v -0.0097877623364089356 0.033044871761290659 0.017201386349492725
v 0.013144882932488876 0.029250246213897747 0.017058114421718243
v 0.022155853948283032 0.024607522730298734 0.016847832629367877
v 0.061152506642215276 0.014544416881867119 0.015891000975571608
v -0.07496967941205028 0.0410239588468507 0.014198480876732558
v 0.057401222921959469 0.017696948293370714 0.016156166972463297
v 0.076719763202292596 0.083067140661934352 0.0062699931346736947
v -0.044266696223126741 0.090003074835131397 -0.00095001519582389889
v -0.024976752363795401 0.039240949691526604 0.017236010811846149
v 0.076620107545272459 0.086666156976449416 0.0090125429808035912
v 0.034805250162316642 0.043533972374927267 -0.017069338931054844
v 0.002427975036130299 0.041024487480939266 -0.016987512139738398
v 0.01193573535168246 0.035730042256083727 -0.01703387801704
v -0.0035890006998878995 0.040919273693224907 -0.016924571294760615
v 0.00097616258272518932 0.085040268986123893 -0.014789042938301323
v 0.073524210812002555 0.0083578963313661256 0.014753890626533329
v 0.0051078701007184549 0.089897917415555459 0.0019309260153228742
v 0.011222331938099369 0.090032624757252724 -0.006429071076300614
v 0.067270109912198631 -5.9450508404527186e-05 0.010945105834995051
v 0.066781314867613656 0.089693100448767299 -0.0060556553735813439
v 0.066305816262745843 0.013568097116260443 0.015615871211735194
v 0.075333698416242795 0.00035393311263126246 0.012452263538062924
v -0.065477766985048952 0.045422515779692335 0.016323625473155919
v 0.075936168453094394 0.086546145359524498 -0.0048514932853797035
v -0.034032040639587272 0.043608026869500195 0.017149030345641077
v -0.061255483133563868 0.046470279001201979 0.016624875414461414
v 0.044316742966294974 0.023564332764830602 0.016600589490896895
v -0.052195999999999999 0.00013300000000000001 0.002408
v -0.0098984442797053953 0.054916123708890742 -0.01666720165480616
v 0.069431929566855413 0.026987193679372089 -0.015734175529955454
v -0.067185438506623799 0.00034354506496346631 -0.00040022669310606348
v -0.075929439231116516 0.026912439697252124 0.0060602702719304386
v -0.020083518825731783 -1.4316931006053204e-05 0.0028762990596251526
v 0.075245487430207675 0.0012408118135570786 0.012893961487430921
v 0.075359110699328394 0.0025105750731752863 0.011884845105353209
v 0.074621904141772138 -0.00019326276874035738 0.01100919750903951
v -0.050617723982321221 0.046516479116167242 0.016927083766288896
v -0.046606349608455604 0.044009927604239649 0.016988461094353494
v -0.032586816450997508 3.3204773629060914e-05 0.0016561964150307632
v 0.01339399734279721 0.089950408237717633 -0.0086677732229885219
v 0.0403129151380964 -0.00023289401767676929 0.0034793394758053865
v -0.008828568982122708 0.044195886583226429 -0.016831216346415545
v -0.054177371664123522 0.049099327057908433 0.016876944462000134
v -0.065908809332816218 0.089954925410793862 -0.0023260287549359618
v 0.046987110718116211 0.089955360713152049 -0.0063325420541600792
v 0.076012582535662399 0.051883376567215492 -0.0059860086928207159
v 0.024766396764560418 0.075704403362307132 -0.015988038405659721
v -0.038317228058463056 0.042403473317554674 0.017081794656020492
v 0.033628191962735074 -0.00027689578458753105 0.0073987919756976963
v 0.049476377650644728 -0.00017044605475062617 0.0083982079204027206
v -0.016915950807243181 -0.00010585608715775116 0.0030586086849317979
v -0.028191836471678229 0.042599948609748979 0.017219558726863995
v -0.039416642830155023 0.089974440248462684 0.00047421993652828538
v 0.073379669545252588 0.026696000290482875 -0.015003753424209818
v -0.047364589184288521 8.714959571366602e-05 0.0015857876932544733
v 0.075199490010761566 0.0065963104952829026 0.012399297750948187
v 0.074530378404202804 0.010356066214075775 0.014191686454473334
v -0.075595992958907995 0.038725149064938527 0.010139346115757213
v -0.026137401739156328 0.046056332632346153 -0.01653162667414948
v 0.021234937368413823 0.047229140159329969 -0.017008190615569262
v 0.020892636863475422 0.029281440111971258 0.016996432259384339
v 0.011012237763380714 0.080159736066888643 -0.015487761415583234
v 0.00022763555267016689 0.034601480330840907 0.017204273823350238
v 0.0043280712713445225 0.032856596356067844 0.017177976506389778
v -0.008159332207051187 0.037580539844331864 0.017275649634542815
v -0.051515243283412351 0.00017026420152813261 0.00071050246289852497
v -0.049452321229093488 0.00010184749483428981 0.001990059389616031
v -0.0031040544651633646 0.088778720872693118 -0.014105319905788435
v 0.022348204673733683 0.089924420707712227 -0.0084542762492435808
v 0.024946909385604087 -0.00033498810639600283 0.0045636232703320069
v 0.074982930370235276 0.0066009963418211439 0.013151238238963626
v -0.061491703786131446 0.058740305534836453 -0.015335597890265668
v 0.056279583421154966 0.064349555726551044 -0.016560500628106854
v 0.063195826404439437 -3.1227045976477885e-05 0.0097048088113397893
v 0.074971295904463844 0.00053635704681494721 0.0094296697781367372
v 0.075403054216519799 0.0011123067939639462 0.011722291996686601
v -0.0024729486597044993 -0.0001306541821272985 0.003860268194101811
v -0.038178888104410592 9.379590705884739e-05 0.00094989598496719014
v 0.076380575090709196 0.078850613560511748 -0.0074475829020902119
v 0.019295489850725482 -0.00021404175602992168 0.0058561967197611059
v -0.055102488227417049 0.00020227196372498338 0.00034214578014989745
v -0.054670000000000003 0.00015200000000000001 0.0018090000000000001
v -0.053388999999999999 0.000134 0.0019580000000000001
v -0.066629974626050886 0.059014396651477688 -0.014935149829245608
v -0.073784165227968004 0.047081284967690026 0.015296313509510421
v -0.041936189436187508 0.044159085769606192 0.017047285849093131
v -0.021058675100241092 0.039864197898395043 0.01726302658220772
v 0.048669023297731415 0.024285457724909539 0.016551848718208285
v -0.07592133616182653 0.0070575120048947844 -0.00062379840222255784
v 0.055486804197438247 0.022607984682608519 0.016340115103488873
v -0.070640691609968859 0.049808464887259429 0.015878285002986259
v 0.076751047933963534 0.076847195489516296 0.0029525197730410208
v 0.069892452216786985 0.06257221876297657 -0.015827574807763641
v 0.07343437268210154 0.062786355339537275 -0.015292398324786394
v -0.0068673077511354815 0.085259461028634506 -0.014694386354894125
v -0.0020526786806105935 0.089652504070817082 -0.012980635596819232
v -0.072470637428914256 0.0012135390896873604 -0.0030687477775885744
v 0.044781873694732265 -0.00018663814486102339 0.0068758637379916152
v 0.076579125387079144 0.083700446791816513 -0.0050717746424143537
v -0.071311927884022908 0.048686970515223943 0.015708201988099472
v -0.07492225628796545 0.046331196310983029 0.014245924891383783
v 0.033660162688794099 0.031755773571445094 0.016927017008342309
v 0.0060791906345354797 0.079615908772489294 -0.01552891159753369
v 0.070785849094757672 0.089557308925847193 -0.0041366577914872648
v 0.052612926536563034 -0.00018765305087656257 0.0068645041849313779
v -0.057908776363237428 0.051123771037827712 0.016821643388817861
v -0.04949857564231222 0.047512675873327741 0.016987052187139463
v 0.020080385682474392 0.07455745446347449 -0.016064604931677839
v 0.069587428239772403 -0.0001696412104579896 0.0084048791523923735
v -0.065787518953020999 0.050889974848952434 0.016354399464773892
v -0.044120539502804174 0.00014852824403737962 0.00019794861588722174
v -0.025608793045090828 3.1060829445648948e-05 0.0017084444841207753
v 0.076011061726038928 0.072191599012383548 -0.011268206043956982
v 0.056580355134929032 -0.00019092544536131645 0.0063002766945081997
v 0.049689934267487933 0.063742707926011832 -0.016658452794244286
v 0.059282680383888862 0.022203776974929486 0.016248573816346475
v -0.0088956954676989199 0.08998747870164564 0.00098308172677321888
v 0.014425751280741642 -0.00016922748752167335 0.0037437871371232474
v -0.06040930641584142 0.049737459916545615 0.016708089924686031
v 0.014716752688845966 0.034017434256206638 0.017154618990429669
v -0.075825440870481181 0.0022664697008787961 -0.0045574467492634774
v -0.010380160860418442 0.088709416410404002 -0.014072079731976699
v 0.030209632564354615 0.069737469268063831 -0.016393728063095248
v 0.072437710572508474 0.014790990898392524 0.015140327966224488
v 0.07558589742152029 0.0050537859685095563 0.0089418166351148097
v 0.0060630230288502901 -0.00012386275106767238 0.002942122487840493
v -0.00094322568732647211 0.082196542088389141 -0.015170829466783848
v 0.027042999318091059 0.034762711440662564 0.017065719846146504
v -0.076003283940281191 0.0212460745154134 0.0019606398939866136
v 0.022048754382008203 -0.00010224890042852912 0.0063552047116059362
v 0.075472116266562458 0.00090541745307021464 0.0096195618795643957
v -0.057611524689512195 0.00026689739124320904 -0.001770229695740644
v 0.0024068619440577462 0.089885215863490603 -0.0097947180067545006
v -0.074363262033547359 0.0011549537896418257 -0.0042009364586140189
v 0.0080925079436600933 0.089906740744359795 -0.0098717885435959836
v -0.015421058254978434 0.042524990923513695 0.017299615098775256
v 0.076643958809915994 0.072086542663076583 0.0045229429427162378
v 0.064503985250771195 0.022043123099421483 0.01592044178486807
v 0.043676813061338519 0.089951234373591274 -0.0060574869468171403
v -0.07546282036012919 0.043848619114483442 0.011021330279631328
v -0.022425723336403341 4.7696815438982646e-05 -0.00013245845234268445
v 0.0051611679051318162 0.042139724899217822 0.017290317128043606
v -0.008740458430125839 0.089668961375114264 -0.012959935569036969
v 0.0011242093072440246 0.039386206623278547 0.017270237021453479
v 0.011171463106566193 0.038647806291525415 0.017231151738965337
v 0.034616651030891753 -0.00027703546195426208 0.0030705999131564127
v -0.075974735277643257 0.0307893604232167 0.005240118198021608
v -0.071773837262669227 0.00054548618776350806 -0.0041048670649234146
v 0.075228538227896394 0.011202487725735387 0.012197677530253364
v 0.028766815302134534 -0.00028144028638302086 0.0046758041028422291
v -0.045065132565235214 0.00017124157898064396 -0.00073584121084950007
v 0.0018734701635066094 0.079666967912292844 -0.015478831418610733
v 0.074386065560981179 -0.00026149450685894238 0.0081486560160901784
v -0.0052758271020347204 0.089848270537382188 0.0038225302145303598
v 0.011785768639561666 0.074836885641095724 -0.016011499141393534
v 0.011596131916462337 0.05359114411255754 -0.016886698147127319
v -0.053113955334316447 0.050999394261087183 0.016916055839471776
v -0.0085971540975380168 0.04311308199181095 0.017312190771183469
v 0.037939357663971211 0.065602545183996872 -0.016601250651549333
v 0.019231917109369959 0.038092878971906247 0.017188572638194021
v -0.010708611644043848 0.084134603206231132 -0.014819945177221272
v -0.045454189987620214 0.052409144888036052 0.017074628816240372
v -0.032132024697101996 0.04734918521581373 0.017228862314444877
v -0.052626422957661054 0.090021245309101022 -0.0017394833827238695
v -0.040029608443356304 0.050908090182043786 0.017121466485825129
v -0.017001420955127924 0.089175367014370455 -0.013701031401867979
v -0.028928441629344423 0.048382191600173624 0.017277272816170825
v -0.068653779201385184 0.00046533245743312236 -0.0040104521084211231
v 0.066232477609370552 0.059995583633925584 -0.016148505958889718
v 0.075654614166058259 0.001348644277006259 0.007608686771598365
v 0.05987758903659042 -0.00020066865654464041 0.005399345452203246
v -0.073907492164695457 0.059227986223361478 0.015376466977459998
v 0.041634425793964279 0.033162145395276836 0.016830493200445822
v -0.034421476399473787 0.049814379187926285 0.017195662578119324
v 0.0078619474951494607 0.04203486120642861 0.017271602779317295
v -0.064318839923948268 0.00042433020174745186 -0.0033837505259495444
v -0.022974767462848739 0.051082805964419109 0.017318650737924844
v -0.014659467239752361 9.1398947239710668e-05 2.3416310885227281e-05
v 0.0040229239284499101 0.076731742665694838 -0.01580394143498454
v -0.0025861378039275513 -9.1070842359277485e-05 9.9552583758130036e-05
v -0.049207786004200081 0.00022558296695015707 -0.0017928648074828444
v -0.029628632448802969 0.00012310324217882341 -0.0015753765973736838
v 0.0077108486266723505 0.036649850189217348 -0.017014714661497506
v -0.074900421025877087 0.057994750609623655 0.014204680689218241
v 0.07607729282635628 0.042257054968273013 -0.0053083658794029235
v 0.0025975811561162166 0.035682607155772157 -0.016962475232260223
v 0.065454281089641436 -0.00017951575677747556 0.0062863415412462405
v 0.075087424660895588 0.013439129817445522 0.012732411444005059
v -0.003233868333134402 0.043218108462330304 0.017306607338286491
v -0.012728399809870533 0.044928540390321639 0.0173000585004414
v 0.021085152532268406 -0.000228647384815236 0.0041266424838317262
v 0.058810015340827478 0.040974636795850589 -0.016663117862036721
v 0.05813947554222948 0.023359664444715777 0.016236235726041204
v 0.043808118719019691 0.064920366180047012 -0.016636070714744031
v -0.042208360204895011 0.00020878998117817351 -0.0024446576275600112
v -0.0061332870423255297 0.081624616658801274 -0.015176502735084524
v -0.075957465538106478 0.035122130633726545 0.0055301400374558564
v 0.074504351515845668 0.017253284669917313 0.014295984669397608
v 0.047096998949278476 0.031731588468015097 0.016697533934057096
v -0.055117855630256729 0.00031265038570857162 -0.0024084468006998387
v -0.060308555973173215 0.00033898119459582396 -0.0023605197894786172
v -0.053403133711179614 0.055898654813494437 0.016981943187028677
v -0.0079889168475584891 -2.295829926448963e-05 -0.00088181919351390493
v -0.0047759324418528756 0.043799681493036584 0.017311089970757098
v 0.051431838200758223 0.089501149964296367 0.0060818928924639484
v -0.075874517194882363 0.0059955851958816784 -0.0040300768093045995
v 0.069309009920172984 0.022881570360676669 0.015547539343369204
v 0.017795844229756386 -0.00019156887628230204 0.0018163020855913223
v -0.017659139853536378 9.4028592640547464e-05 -0.0020085464353790635
v 0.049021469599314194 -0.0002398187617328106 0.003253667477082659
v 0.058935960732653635 0.028063745457331798 0.01630641177125762
v -0.054322235524357491 0.056272263488744756 0.016849321655961248
v -0.065013483488884208 0.060226173106182099 0.016465826895401617
v 0.072887169497185031 0.023098698833826849 0.015056910534998292
v -0.075868965283806294 0.010810564455387672 -0.0033283762724456408
v 0.074597358254221563 0.061413800934443007 -0.014400599821056115
v 0.0015049214995261941 0.04410491444505632 0.017293227630724283
v -0.070825791623521123 0.058048518207084031 0.015899190751156481
v -0.01933464854066199 0.051816423275157224 0.01736662368266129
v -0.038711243669795385 0.050410868243142476 -0.016161330066565019
v 0.075188769345193363 0.067149609361984067 -0.011727095393878532
v -0.024685375021369447 0.00020147667626698408 -0.0032293736646942361
v -0.075931944096326337 0.037908850118865356 0.0061971493943366015
v -0.075285951390716033 0.0022465498384359466 -0.0076908494061350809
v 0.055120261961773234 0.029051549676551682 0.01647905455211672
v 0.063506554780450905 0.029203963489273333 0.016064012765879529
v 0.02488021450903663 0.030120105383614783 -0.017040705158529852
v -0.060581387614812174 0.00054296806701257627 -0.0062407233120540667
v -0.061498898342855803 0.05764361342078559 0.016679988377646969
v -0.020588655314695944 0.085246211524087234 -0.014594016251441334
v -0.054448950882578798 0.060973667386274751 0.016904313013522236
v 0.01414311749054787 0.043717844697290537 0.017255144250986152
v -0.039686318750534855 0.0002495014481992845 -0.0035072608612526754
v 0.038134176674814953 0.036015954445100987 0.016906238759577898
v 0.045292050098020432 -0.00022070570609563809 0.0016459212419847546
v 0.023029464740846786 0.040029618535870608 0.017157689879124104
v 0.02894554888807583 0.041828632959588663 0.017111315608264697
v 0.057491661480961201 0.029551101038046611 0.016362379415832927
v -0.039129971402404679 0.0582406150417384 0.017150641162122324
v -0.03584726709378281 0.00026259459456824956 -0.0041097679487989477
v -0.0092757050037693776 0.040989146423517288 -0.01683737594949326
v -0.053422404922846112 0.00038697621879592742 -0.0042707330859120714
v -0.076053372955343451 0.085782932571898785 -0.0028113480941431906
v -0.07211715614676184 0.00096810589893739439 -0.0049180130528508345
v -0.073930973717182755 0.064576209946801522 -0.013636500036731666
v 0.075263747434593381 0.016437804481620692 0.011816981207612768
v -0.016395306239321308 0.050712089925300102 0.017316814596183502
v 0.032421254924882438 0.037333346794272811 0.017013918714691326
v -0.068178171545780097 0.060703127251952774 0.016202291593256538
v 0.010237107542818718 0.043383572794014752 0.017285015601158121
v -0.011861653327327561 0.05212277095125685 0.017343736981990758
v -0.01780684182440509 0.089680392196747935 -0.01274719992621744
v 0.075641372729002385 0.0013929644180186737 0.0036277370336675959
v 0.075789311053733627 0.0017342089647366659 0.0044792010339052444
v -0.003339005444367112 0.078520807250299529 -0.015578416654002
v 0.015096082889166263 -3.6158424244058275e-05 0.00071289408728900886
v 0.075559036029392318 0.034164526220409032 -0.011747414966011022
v 0.074954605950752248 0.054458367153659017 -0.011788533972202062
v -0.058150533733362479 0.060642310935704158 0.016865975191351294
v -0.0083528828329594903 0.050556200019046642 0.017301414662250499
v 0.01007524732612018 -0.00010661119865320258 -0.0024610271885124892
v -0.013971978572961622 0.080447485640269156 -0.015244344793840424
v 0.074582568427240106 0.022960631477936144 0.014237753738777909
v 0.075560364967744792 0.01503471199745697 0.0098668947675100566
v -0.031134079475278575 0.053858901537600784 0.017261062382624572
v 0.012970190833472554 0.089587095405380596 0.0062063133808746536
v -0.024340101937483535 0.088866990739575519 -0.01396782859800293
v -0.033616062211387604 0.0002568649585041358 -0.0042451566981291326
v -0.033854747988028025 0.056942815257704303 0.017232009201246526
v -0.075454571103055826 0.059241323489387487 0.011361776037096838
v -0.07592339598173814 0.015934357743936256 -0.002086671522894424
v 0.053822679599409499 0.089953379391243121 -0.004744071963356509
v -0.025079702641196872 0.054615568556466265 0.017294092345110718
v 0.035684605399232391 0.063575129694197235 -0.016682794993015591
v -0.0034365422127570966 0.048937709671812983 0.017319093787330108
v 0.057076816645641938 0.031146483729843698 0.016435538862688719
v 0.069770901869367741 -0.00018782549415335162 0.0045843815880539079
v 0.075032760814114571 0.0011304694546506395 0.0043294840148049678
v -0.043034441803412385 0.0002555675510212847 -0.0031862466675151645
v 0.050408984532767299 0.035316087768492641 0.016674079509884102
v 0.021866132238640916 -0.00017202354440920667 -0.00017052998541375268
v -0.076002133680236117 0.029290749695156385 0.0024743448896894183
v -0.017918213632851183 0.08242979338886329 -0.014982422207189613
v 0.00939448276119903 0.045646030263873726 0.017259140399812582
v 0.069889096779752344 0.027852863370805031 0.01547677998916642
v 0.012757384750440259 0.070430473959971207 -0.016321469508514187
v -0.0094313719964943012 0.07803534152986967 -0.015541961443205304
v -0.075876048179471092 0.042895794877199127 0.007633004415112111
v -0.028612927154153676 0.057109559741712793 0.017313865745918079
v 0.017277075158075708 0.045660061559835798 0.017238419217676541
v 0.029991587178738063 -0.00019643395706059739 0.00016941331346501709
v -0.0016580820577750345 0.073163336637130677 -0.016037136753575224
v 0.020827938235496106 0.06506745447958448 -0.01660053045807185
v -0.075027675880026221 0.086818105826267825 -0.0032318933629724633
v -0.047230374144356643 0.05001918803638554 -0.015952000703446594
v -0.074810501401434998 0.088766594033051177 -0.0023960252919036848
v 0.00093803312812392511 0.048281628184559389 0.0173143063637189
v 0.033481507470691826 0.041832489896041068 0.017038963696456501
v 0.075747633531849087 0.010243638912188534 0.0076671556221641155
v 0.05815842346838606 -0.00017843187241922237 0.0029670073668237045
v -0.020369843495296767 0.044916939937659467 -0.016652475810086186
v 0.0052658080387535319 -1.9510456273433777e-05 -0.0013878255787031738
v 0.075170212368736319 0.019961653371809086 0.012463283291212709
v 0.058225533907674036 0.058962839122284928 -0.016614556709454564
v -0.070799204507328309 0.06720976266105709 0.015947845825596475
v 0.074441698394792269 0.022633458527899334 -0.014180827187175189
v -0.0021861553125505726 0.055761392900006458 -0.016767606558050707
v -0.075924871274857406 0.021775508513593049 -0.0020926081051914746
v 0.064774636720561579 -0.00017381032853082629 0.0038472443188572372
v 0.040825863199536454 0.040761707990343038 0.016914914254945883
v 7.9045938698594427e-05 -5.1820122857625449e-05 -0.00046987910927861272
v -0.057131387410158142 0.00046408437836736183 -0.0051437230419382743
v -0.029545717998235826 0.089726214867556012 -0.012714380989983011
v -0.051106196409078042 0.063250548652640987 0.017008126634068307
v -0.021739884575513492 0.054585369968825195 0.017341058030028857
v 0.075577991159818461 0.018947567872831857 0.0098829772856542271
v -0.049421176495000954 0.00039561798758570187 -0.0049237739064964901
v -0.012853486996288651 0.041053845470628021 -0.016795785656332406
v -0.061995054272302751 0.063125154902574754 0.016666005222952703
v -0.03353614168838933 0.089899399322761975 0.0022802561993740833
v -0.037233712986857188 0.00033788465661480993 -0.0052070675942470493
v 0.038099212627768095 0.040747838707540819 0.016949776293292845
v 0.025567720084884008 0.065840801395439144 -0.016570697370259804
v 0.073536513453569402 -0.00024748028501900884 0.0023324862402749266
v 0.068828982830801438 0.054775511608096718 -0.01591312370606578
v 0.0051335693164676352 0.069976195718828446 -0.016316427301814759
v 0.042768456017920696 0.062332071429342766 -0.016739358988673615
v 0.005689073695993912 0.049860380495398718 0.017287575338505525
v -0.046863741576429425 0.067052562125387433 0.016993748072953088
v -0.051625793264243908 0.071351972394360433 -0.015430721246900468
v -0.075867788741553505 0.048083693584961139 0.0077028007833329611
v 0.075747967601509564 0.0059615309395988966 0.0059851595095515592
v -0.075834598721575538 0.0058184035050534554 -0.0069800990499772637
v -0.044246681482552577 0.00036995904891603724 -0.0047761151526112232
v 0.0048528193579323309 0.089926780007762039 -0.008694785748157588
v 0.058565705106163726 0.04014386133026443 0.016446214623897126
v -0.017738262880640343 0.057872593878754576 0.017286218712996491
v -0.059076412622992486 0.065254339561150163 0.016871207583786674
v 0.073456167350079107 0.089013370173600961 0.0090146593268370309
v -0.011654040177085779 0.057382877177696731 -0.01661085545936665
v -0.026805865767890732 0.058461733812725077 0.017306380413059493
v -0.027133967547209009 0.085585715425157707 -0.014526376848943572
v 0.074062756380269087 0.030541414900719932 0.014705449589809761
v 0.04972297019823143 0.089982362160275622 -0.00317351490232121
v 0.075264438089989269 0.025453262848389738 0.012170182993782277
v -0.063441168821070856 0.064671655504356204 0.016565765079412608
v -0.030130945660477262 0.088859572950117788 -0.013953418722585226
v -0.074212893612930472 0.089145458109274017 0.0019071640487790954
v -0.040066220448802682 0.063954552993627234 0.017089245558365412
v 0.011248455604804114 0.052456299615202616 0.017288655855628166
v -0.024440347512517079 0.089722068967141175 -0.01231984441643978
v -0.034463811591639346 0.062394469410527731 0.017171782386396165
v -0.066701853331890909 0.067601328542296071 0.016326245259084576
v -0.065529673393047272 0.065733088961230285 0.016454968123178534
v 0.063992597285646477 0.05519681994906845 -0.016333688482428419
v -0.022979277997663115 0.058272864749573584 0.017349958897414686
v -0.012332887812848685 0.057139307899216431 0.017338822271068723
v 0.074354468086330019 0.00037111853800549902 0.0054835292911369011
v -0.0023618089081728555 0.05326332735172136 0.017342099240027373
v 0.063316650254230111 0.089779771784077506 -0.0043405552445235432
v -0.074379862419847287 0.0012780208901652685 -0.0086267398696189598
v -0.0092964729524328271 0.057379059675487738 0.017348706310902583
v 0.045742217817249325 0.04404013909466116 0.01681187400136552
v -0.040282479350473417 0.00036966358850582231 -0.0046740976866070701
v 0.052460331832501386 0.056902030273593321 -0.016785141490732607
v -0.068451049789716265 0.00075173523856670102 -0.0096506143171853961
v 0.029776887009910304 0.063369518103322919 -0.016689016679746017
v 0.075788938014950527 0.0020598052160556916 0.0044369048310603492
v -0.07589176419765116 0.051221546533974281 0.007785023071089239
v 0.073393873051962294 0.055466261536821791 -0.015216946642444369
v 0.052975741998823309 -0.00019900812333971372 -0.00043486687996910876
v -0.013423214406108362 0.00015607026937952117 -0.0047410528393461715
v 0.076710968978614361 0.07092053172882426 0.0033644302736075739
v 0.016007535786854214 0.051162371069674431 0.017243166457924362
v -0.0079594097802673427 0.057108433056581392 0.017325238515813919
v -0.02904330508967742 0.060892427814935139 0.017231403682569355
v -0.024501469609557989 0.063494639940413378 0.017233071561522897
v 0.07669415938934783 0.077694603563073159 0.0060573044306027829
v 0.07493582018512869 0.025705744151238854 0.013230521819116461
v 0.074645165967083607 0.028445023825358878 0.014158089437771516
v 0.05569511032903899 -0.00018597423946999369 0.00027633151748867951
v -0.060561282992037981 0.065884235036723235 0.016729943853870465
v 0.023548006961116703 0.048175302225505638 0.017171245158363737
v -0.0065647470290994148 0.00014641525662470757 -0.0039727735666380444
v -0.052170182066354584 0.065506498925418169 0.016879318784715637
v 0.063150692712933207 0.038156108316519742 0.016135668241122895
v -0.015570641917931269 0.059836771395474941 0.017358648827664906
v 0.068665959902380613 0.036709401175639131 0.015627812934909516
v -0.058564895592980531 0.068078298525088191 0.016853992248309673
v 0.038243034046882202 0.044321395643950955 0.016955858499536493
v -0.032253838196976449 0.044254521386906179 -0.016373651288202781
v -0.075792332733794404 0.0028667458303541444 -0.0086102435672230568
v -0.076124138395077812 0.042990093742136894 0.0014542328372091002
v -0.032256416540448557 0.00033512555938763384 -0.0060234444905952469
v -0.040963898834384116 0.00038291787435852973 -0.0057216298045850277
v 0.0051787664768182112 0.055271963213821981 0.017327127229978756
v -0.017044486905004305 0.078962356341605464 -0.015357803087193823
v 0.02691044165655326 0.04901504922433355 0.017132839425945005
v -0.052360862242919901 0.00062311974213591912 -0.0082897837856444646
v 0.070739775767629506 -0.00022890115357343025 0.0022346476074055206
v -0.033621251094628268 0.085604309331582792 -0.014458640431619917
v -0.073801096996692461 0.070545878706499601 0.015468631757157656
v -0.022054797350267046 0.061944894099924826 0.017272194904721372
v 0.046373966541758078 0.059282788656462998 -0.016795514912507591
v -0.016782242762115335 0.063628138474872295 0.017252102702212467
v -0.0477875925244617 0.068485780838505747 0.016877294203780178
v 0.0089101297618462416 0.053296121324888639 0.017296207428422
v -0.039128267390834352 0.088956711081954951 -0.013872372182189521
v 0.040065560519692359 0.044255104283701066 -0.017041485564727989
v 0.019229036019959567 0.089562018746121019 0.0060712579956368048
v -0.054340944777933609 0.067995087704585802 0.01686115143496808
v -0.016457534119303757 0.041124712698049078 -0.016741083724160624
v 0.014131838513654087 -3.3730833787987991e-05 -0.0044138285970552332
v 0.02655185327284151 -0.00015010673649578924 -0.0019128662205940197
v -0.0051324416753601677 0.072662534261817291 -0.016049070303082096
v 0.034752235356444228 0.049967238144700762 0.01701217960131696
v 0.0005676211911749779 0.05745511130276422 0.017352013135825645
v -0.030314923081018089 0.063044691074043285 0.017235593292075756
v 0.036008760002306024 0.045818494232544457 0.017008852187369472
v 0.031966421038717649 -0.00012889581151612661 -0.0030898849475559514
v 0.072017961178520662 0.034979290477514691 0.015119911163547266
v -0.074978041746219498 0.07324267923152708 0.014228412799885029
v -0.074802530575039064 0.064894202297689788 -0.01094797822420022
v -0.071108541263703459 0.00086998127097143803 -0.0094167067383791239
v -0.075723500054521165 0.015576592306988699 -0.0063448285622446044
v 0.076203419941826625 0.070007000208608006 -0.0073429123398823749
v -0.024705375137993039 0.080025460175937341 -0.015205593259569893
v -0.065022872757622086 0.070194900901119711 0.016463931449741977
v 0.061776617142142144 -0.00020309010669014761 0.0014820276909132386
v -0.07608621640405723 0.035772075710154498 0.0015703047320237173
v -0.052635351384267982 0.050435640751097882 -0.015781537247645402
v 0.021425859815386063 0.054191365579676201 0.017178350850493049
v 0.052071632736668774 0.047721325775706543 0.01668385501186969
v 0.076489143544656912 0.058022177341472275 -0.00091444812519060809
v 0.030576179208638393 0.050135669398281048 0.017062521529131253
v -0.071585902737040422 0.0011776135230279461 -0.0092759377576039827
v -0.075894453106512258 0.056241525196052564 0.0076881313633856314
v -0.039405018770511252 0.089781571282944353 -0.012625463481984334
v -0.076032350477709121 0.032702008819610578 0.001333443904345862
v -0.067022873305779315 0.070750074953366299 0.016296981480014724
v -0.014261817389636859 0.00046866605790801618 -0.007150766087346298
v 0.027030873940009085 0.089653953453240579 0.0055043535773579757
v -0.021939604616442065 0.040874128634538785 -0.016638300251693858
v 0.060105639338858513 0.021153897497877966 -0.016462516992900036
v -0.05765627959386075 0.051015307447810368 -0.015556818616486334
v 0.075332429626055741 0.031405469131907324 0.011814385396873872
v 0.013726736487491172 0.057191820659788804 0.017298256983362091
v -0.027626395026634668 0.00035033192809602029 -0.0066983187575274999
v 0.0075693662360555546 0.058832243617875597 0.017282040015240231
v -0.014749171392761029 0.00034638088510978627 -0.0078184151480301042
v -0.059926531198997435 0.070653921311847057 0.016717087860398484
v -0.036400406984182301 0.068325867806167076 0.017005013413321238
v 0.074718879722716347 0.03345221227917558 0.014171005239075274
v 0.075156094476754268 0.03278097604215504 0.012836774404176656
v -0.039028520652777149 0.04728779818816449 -0.016192106842105477
v 0.074876056504187494 0.026664393351724974 -0.012137612895529521
v -0.027427129343357171 0.064307644466856523 0.017232047348198987
v 0.038659415378239151 0.048829130085694616 0.01697024887847793
v -0.075882822755627605 0.027973402081347416 -0.0029981407948710933
v -0.047733272794608872 0.00057732768019801042 -0.0080384115751191212
v 0.064530072639230981 -0.00012414019761346554 -0.0013979919148737509
v -0.042260739635334423 0.00055447772347026053 -0.0081138180641055942
v 0.075801017747975596 0.0038939773626106419 0.0016613581072796822
v -0.025800434130035389 0.089954533050471561 0.001243743055117396
v -0.075718468132557268 0.0095799071264186502 -0.0103916503806653
v 0.075932289653378379 0.015536810479337464 0.0058278775175079423
v -0.075385688783179944 0.0031143704537007588 -0.0099556972884989187
v -0.0082163366701819805 0.038278195888596787 -0.016853231221180601
v 0.075053617961503657 0.059185086337833821 -0.011825173142133006
v 0.025182451769471387 0.054412467049501465 0.017139612308643064
v -0.062017308307243862 0.072120099293978945 0.016561977254888529
v -0.056032259107696061 0.00072831355129915018 -0.0096128201035451683
v 0.075674224320145561 0.031646953015530506 0.0095431477624312085
v -0.058070082816183255 0.071419911966915717 0.016800332846096909
v 0.018861427330171165 0.057072934698750986 0.017185273897449477
v -0.041069600158227221 0.070542174596048751 0.016944491618831194
v 0.059415908297214062 0.047266436055888907 0.016464934077477084
v -0.07605016077882229 0.077739739990616286 -0.0020373856444861208
v 0.074303469742016362 0.055072124466107084 -0.014720687286388862
v -0.064022417457080635 0.072416153975253986 0.016442056620506851
v -0.031799439128709819 0.067898549979522924 0.017079568726439082
v -0.076077912661397129 0.038423409480048992 0.00087756278766363681
v -0.03249732719311009 0.00039321426819700054 -0.0068792055705392064
v -0.010619309191397482 0.062286557299677671 0.017268535081067467
v 0.019160102995333987 -3.8442652666182305e-05 -0.0039961711200505387
v 0.0071309217493208017 9.9005689133176351e-05 -0.0041260308928502696
v -0.038292589600872555 0.00048874928326485885 -0.0077382944908092974
v -0.070973338990617446 0.075757744031140856 0.015890231799233531
v 0.041997966071526435 0.05140795481918823 0.016915842470144341
v -0.0022718520273178294 0.00017099791625920432 -0.0062867311541224555
v 0.0025493778107977256 0.00014946520096050463 -0.0065872471477957002
v -0.019774398757800248 0.00037798790515825291 -0.0078933465516506582
v 0.039943073931432788 -0.00010745911798172307 -0.004105874182592879
v -0.018503244932182316 0.089895167805774057 0.0030961466524420775
v 0.074621355589494467 0.043878482267010764 0.014491415259382686
v -0.074221251178878178 0.0013157849055101087 -0.013012872389058277
v -0.00093852454457361335 0.062672122124938515 0.017267252499715016
v -0.044527722980195514 0.070492505975362399 0.016880736772337597
v -0.027945998368325335 0.067933924498683435 0.017073047605212614
v 0.013509807696739417 0.060458389508191365 0.017189075012085858
v 0.02099441404923999 0.058563604736526477 0.017192360680649752
v 0.042516829521928333 0.057973816583935252 -0.016849888806943068
v -0.012219268343835943 0.073660154478797424 -0.015873463822125441
v -0.0073345026979931664 0.063764877889150862 0.017227463110761222
v -0.073965636069383597 0.080492238268446425 -0.013717619253463903
v -0.075319421941215853 0.0022578943801132259 -0.01302373563611579
v 0.010617882226369458 0.06481736110271609 -0.016576426943130856
v -0.075927607653070897 0.060058306477702633 0.0075404336769769762
v 0.075197903978751965 0.0020607579743267754 -0.0052662192936425642
v 0.068421496356354319 -0.0001468347719159448 -0.00026126469564938584
v -0.05405281450106416 0.076596112330439281 0.016641327038543451
v -0.028780168241613665 0.0003837443221799522 -0.0070851394681223194
v 0.045462813710299629 0.02341243899291685 -0.016837433216237378
v -0.04615455951097034 0.088724135538103641 -0.01388124719779197
v 0.072830214177652508 -4.4599090928825156e-05 -0.0038913704370142532
v 0.029816840521134223 0.057077414005036867 0.017070552896996806
v 0.038877878343833633 0.02413933832824423 -0.016915180441464561
v -0.0081150079591083314 0.00010406198418066973 -0.005476310851208142
v -0.075762428432109577 0.0052822719470208427 -0.010394758876108082
v -0.0016594699229368192 0.068324711670437868 -0.016337427339050737
v 0.0044156675974119392 0.063139534578536508 0.017234190487520541
v -0.034725270953976727 0.08988158599924112 -0.010532489271794917
v -0.014949480635601147 0.067305610272930097 0.017118245311295466
v 0.057363117655063779 0.054449938893246376 -0.016694281874800421
v -0.065713102449301897 0.075988490763055139 0.016293365829706079
v -0.075899473458957561 0.031724157805297484 -0.0033438183678811927
v 0.015288208778904605 0.00027076296091667264 -0.0071677540079800013
v 0.011493842999939522 0.063428890690993583 0.017161887609359217
v 0.048799523741026384 -0.00011920188446362727 -0.0025959190405964476
v -0.075913858297166362 0.06308406042163453 0.0078713459104994207
v -0.042076256274300977 0.07349235586529905 0.016765424758230073
v -0.025217874213987995 0.00047989897143641393 -0.0087741425615855927
v -0.0034605400223439017 0.037202327249334699 -0.016903899392285548
v -0.034354048241074978 0.00038118443883076157 -0.0066688786868995568
v 0.038060197751143256 0.055121804222564699 0.01696248402505264
v -0.032927326661045885 0.081093039664966074 -0.014985542525571154
v -0.075662918761898151 0.071745605577345606 0.010254471988327442
v 0.033066496745133386 0.05885528848970524 -0.016820128539596576
v 0.05743464523149349 0.050365214593293801 0.016476709506450908
v 0.034419868859238242 0.057564674707605547 0.017034099509024913
v -0.060680233656180631 0.00079783466591833532 -0.010327808194250556
v -0.034624251461238514 0.00048581998171039989 -0.0083572695938743218
v 0.07583517213411628 0.063926563802305908 -0.011347712259968947
v -0.07613676701001032 0.046950894793972159 0.0022693077364245038
v 0.076250727411568853 0.048631814865633692 -0.0038604490720838647
v -0.032532809286064016 0.070714627724604379 0.016928247727121259
v -0.041842484608070128 0.089803723069213137 -0.01261647900642201
v 0.073173641736888451 0.00053182509730360483 -0.0039624977032299306
v -0.045979008924793008 0.074594835509839613 0.016594399594875124
v 0.024316963452971411 0.062517974914531357 -0.016725857204671221
v -0.023468861952856499 0.072454681186198897 0.016878590233389529
v -0.055796882396240095 0.075876858508117428 0.016664368543300789
v -0.041232689342219346 0.085177278832149192 -0.014457229752736143
v 0.069078492125857177 0.046230232578937255 0.015526910372454031
v 0.011526864065229039 0.061443878328926838 -0.016708068547678073
v -0.039085816792055007 0.072534709861115709 0.016900841280706361
v 0.065205403725741379 0.089066268954361733 0.0092374254887544593
v 0.027078024195690605 0.059957963667314311 0.017083036008968065
v 0.075715461395950062 0.0021402514168877861 -0.0018154752190846488
v -0.0085491708096716752 0.072069545374743083 -0.016016728270984174
v -0.019972046863311291 0.074904653759049908 -0.015700434103996609
v 0.074656288565492307 0.00091285578775510048 -0.0046327848607183681
v -0.07604894361944986 0.054241654515640392 0.0050364599870556491
v 0.042117574551988342 0.057435020042696232 0.016912705250377066
v 0.024218206778356517 0.063584676565360626 0.017048021675430198
v 0.07590803163126611 0.010530211973306877 0.00039020683381233025
v 0.053881478030990235 -0.00014190729647456902 -0.0024615882500054051
v -0.071218521776612045 0.0015243945314017625 -0.011809190274049449
v -0.069711181607494663 0.00095162265281595988 -0.012518538655241173
v 0.018559873716846108 0.062403064941345947 0.017128262886524102
v 0.074616543370902663 0.056633405270469478 -0.014278525054696907
v 0.076058820045541223 0.025065890665956506 0.005781698467338503
v -0.071513999999999994 0.001658 -0.013476
v -0.073908291205322996 0.082842096910226856 0.015496687077329128
v -0.07593608955650813 0.035719028524563969 -0.0029149891298039313
v -0.075612728650362102 0.024624160670001775 -0.0070138580307017332
v -0.032007574952688571 0.075415056120577945 0.016701071220041074
v -0.068419287581552565 0.054983358244445397 -0.014722380084833599
v 0.032597321855559906 0.059052264952432786 0.016999496693043854
v -0.0059465657921616176 0.06732114320942259 0.017104309228678439
v 0.054497931058142705 0.02151174517966151 -0.016665090048831946
v 0.046296475999698591 0.053733555010380414 -0.016906229211012164
v 0.026360275324036661 -2.4183424336433011e-05 -0.0051202023218846655
v -0.030482968005650913 0.00060922661858577466 -0.010192049533722131
v -0.0094552955460082966 0.071229619959643484 0.016937075076178247
v -0.065781565124623589 0.079790384574507559 0.016146251610842342
v 0.0378245303991806 0.06217278429059811 0.016910874009383663
v -0.017733838607303681 0.071048641659523779 0.016956265688548702
v -0.015086805210563941 0.071547908646226691 0.016922814692382646
v -0.048393840121527955 0.00076116277740528545 -0.011008236055678959
v 0.0033438235746229995 0.066934006855807054 0.017084915660315489
v 0.075593091947756638 0.037476405473982566 0.010850641680905984
v -0.0064574600663043144 0.057738337486195952 -0.016689394702910223
v 0.064519137953847602 0.05528423209575356 0.015998258493390517
v -0.058749976814364106 0.089944633141705158 0.00046672473257471016
v 0.049897863575329479 0.056575503028142994 0.016738883432962585
v -0.037170404370047178 0.080302947788892021 -0.01501615592413973
v -0.057605388450989718 0.080137199808238233 0.016251252905013107
v 0.075256826445176686 0.045265327682256135 0.013460151665579316
v -0.028860964178579054 0.07796659086632797 -0.015347655802912308
v -0.051227718139281758 0.089315009737144069 -0.013502012710595587
v 0.00020603428755413706 0.00018577882840188723 -0.0078976283135426557
v -0.054324115708655689 0.074151959027426773 -0.01524904401497384
v -0.048664940952028418 0.079604676105882566 0.016488068434956964
v -0.034405350004617065 0.075530523621497758 0.016645243421902697
v -0.070135173498795916 0.080756445238587438 0.015864758911976074
v 0.034541000458555897 -1.270220394348903e-06 -0.0061014340845456216
v 0.0055817454067910478 0.00020996772729949242 -0.0063798410957029775
v -0.00058890662564235643 0.089615080870783015 0.006322698953105289
v 0.075810315538679562 0.03829117714922825 -0.0079410205993817075
v 0.074483574318517057 0.051201462478896988 0.0145028073579135
v -0.042716392275555154 0.00071035981040463189 -0.010700620468386806
v -0.012330600477019301 0.071423339892917104 0.016929027364145133
v -0.059844868520456271 0.0010022898952355018 -0.012608256386364985
v -0.029426446035860802 0.040485552947907205 -0.016488701658821353
v 0.055186260652857311 0.056379998793933114 0.016581063686993216
v -0.006786515232703412 0.068428101436155159 -0.016273818914863604
v -0.0063484621976498045 0.071326620551847145 0.016925899446669623
v -0.045775529453173723 0.078848615656985116 0.016470244950754102
v -0.035312779116297009 0.076934248253083024 0.016548679511085383
v -0.049973977792174114 0.085528516814102742 -0.01434656397284536
v -0.042289254502513474 0.080587579922113711 -0.014938221122155204
v 0.07572427525843424 0.0026139155459076351 -0.0036672461048743374
v -0.069444322336814052 0.0016403091190690601 -0.013416578227205961
v 0.067876842707117926 0.08963178632978458 -0.0017483311603855905
v -0.016437546593153565 0.076561329183560151 0.016559296386851663
v 0.0086594766610769581 0.031377106754688987 -0.016972718554875359
v -0.075576152915946535 0.074752439031032111 0.010756169179030545
v -0.026418148838335178 0.0005391845191158039 -0.0096429843831711097
v 0.015628807684746331 0.065715806165928509 0.017032461284157266
v -0.075273202039730466 0.0071605056285988337 -0.011527061873215569
v -0.075163028125780559 0.0090125089200993654 -0.01143281332560548
v 0.058229197714988364 0.060071983517801152 0.016452029747864576
v -0.02693222655494169 0.074464040573224852 -0.015644823393581479
v 0.076142776591414246 0.029973544649826243 0.0043430980079675616
v 0.0052755174185205355 0.029513622532103476 -0.016919805694244588
v 0.0079007161038042312 0.068962230348111858 0.016974693202426085
v 0.029948346001927136 0.089404461977077673 0.007522417135933262
v -0.0058433816635325916 0.00028182568285334237 -0.0091891219037607188
v 0.064150186905660017 -2.4396418179838036e-05 -0.004283745792511875
v 0.059018351421661439 2.1851797908895529e-05 -0.0060330888584654583
v 0.018289749386566478 0.023214903847997716 -0.016869881089374254
v 0.061604395458495852 0.089811008979971796 -0.0022933769466973817
v -0.0017550017596735989 0.070567745040756955 0.016940924596736628
v 0.076408526622601669 0.084076271774466318 0.010672174714309125
v -0.0642584934920329 0.051612844650533111 -0.015187852124940945
v -0.075022256601622248 0.086836254830036624 0.014373689310784024
v 0.034143375234896696 0.062970866521479929 0.016933414077890282
v 0.0026295920588268887 0.069641608044811301 0.016975727822402455
v -0.064696911799184964 0.0010609681395625022 -0.012759950772774028
v 0.0067687920988675982 0.064586585267161697 -0.016576238197734516
v 0.026976396238780974 0.058751530153881126 -0.016817427976349789
v -0.02167647506958563 0.00066715129913380708 -0.012561048103177779
v 0.019221338042674035 0.00011997638351375959 -0.007398955161290046
v 0.030658640849267348 9.9542980256400157e-05 -0.0073626532879649143
v 0.018101720801201922 0.060143684465252797 -0.016767504308645542
v -0.035913112865680552 0.00063764803872759729 -0.010665467850009042
v -0.063907386541042027 0.08284879465390578 0.015874488753524388
v 0.07574985465923148 0.044758432555424076 0.010609848289630503
v -0.073376938635879033 0.056092318466237405 -0.013973205047397493
v -0.050105792273413351 0.089809794883688052 -0.012505297805788212
v 0.049640798405779007 0.020268910823553837 -0.016691885328759717
v 0.073107433568498498 0.052004983863206206 -0.015369555902343974
v 0.042157612537616247 0.06307799508965227 0.016832216537834111
v 0.074643865862484948 0.052822511271033337 -0.01394345333246705
v 0.029989977269436391 0.067157057544382712 0.016860095267713437
v 0.0040428220555233513 0.00015873422925454631 -0.0086978431148026225
v -0.053019377862396334 0.00097272775071910737 -0.012604090909311316
v 0.012238547580191696 0.00026248152837142735 -0.0085610247538646361
v 0.076004584128238808 0.016491401414639468 0.001605056360124766
v -0.074490402704896749 0.057590209413606888 -0.012945655108392731
v -0.034723837256880906 0.076511872304341255 -0.015372074990644469
v -0.060547112618709625 0.083074844403143611 0.015906878784343135
v 0.0054575953867353096 0.089669138016404609 0.0053929375826435987
v -0.039838695579472089 0.078610433348923106 0.016398513504330695
v -0.065433485932757787 0.083528930190037154 0.015841759346693372
v -0.068842964036308352 0.084530848852473195 0.015714695462778951
v -0.045251376139307631 0.00089471021551021975 -0.01258115710077075
v -0.066636580362219935 0.08467507749695119 0.015722055541793612
v -0.025348372173311356 0.0777697300392233 0.016482032519946975
v -0.075584450430071337 0.013843816546007401 -0.010531650404083485
v -0.075864761128014782 0.039794547293884097 -0.0045194923404649739
v -0.074174647641288921 0.0019179286055567074 -0.013669925238633529
v 0.02520664705504419 0.00019738129018796486 -0.0087743379375503743
v -0.076114509161685495 0.050934140014745138 0.0020515553697457523
v -0.075454217814812333 0.06683790552801093 -0.010287081885479017
v -0.058481285213300253 0.083903230411958851 0.015789747767814
v 0.007120853608242491 0.00030429720777190269 -0.010868844711115228
v 0.067853735835733772 0.016824337419432785 -0.015824607369823079
v 0.070049844802617084 0.055307600396877626 0.015362055540148222
v -0.071828000000000003 0.001647 -0.013486
v -0.074887402537587036 0.0017424744610043473 -0.013296271115113355
v -0.013433108119452931 0.067902564872151683 -0.01622470819398935
v 0.032680557047738437 0.024725758209653642 -0.016936486643985366
v 0.060893218474408504 0.089070476201942791 0.0094627003312509478
v 0.052123226342141185 3.5445301644344421e-05 -0.0065605745612271511
v 0.075772592228351546 0.0052966409188837217 -0.0020231749193585355
v -0.051531284646137085 0.082432085125743973 0.016015552416448638
v 0.066516128479747597 0.051588272803867727 -0.01613481681380256
v 0.0011655928238650953 0.072900152646005842 0.016762420736744013
v -0.075538698169726567 0.079766855512727816 0.010861185765810282
v -0.041104710808686412 0.081222064371227781 0.0162425845231969
v 0.016946476472660996 0.070185654140403411 0.016830322316509178
v 0.075490241666865493 0.046763541130667496 0.01277917681105342
v 0.0016903549556517498 0.063868840411862415 -0.016568430010459299
v 0.057441782547959258 0.021898160981212094 -0.016588640992207644
v -0.03061552955363778 0.078625674366368484 0.016307477061639351
v -0.023361093605577192 0.071086976546832992 -0.015905563487486826
v -0.054699007437646725 0.083225323457429751 0.015925081802613941
v -0.062872346731176837 0.085520838327194051 0.015661885755736939
v -0.026984595716130263 0.078273413681099607 0.016316327833867324
v -0.024438048205244946 0.00070456147514309049 -0.012322681713915066
v -0.059347358649655547 0.089082557929729689 -0.013753487528004784
v 0.022000189324510776 0.058923999330742584 -0.016792797208411873
v -0.075934581412072169 0.0435271507191256 -0.0031843487713898336
v 0.0087321962729731955 0.072699825477202371 0.016722079213040218
v -0.076079934053337087 0.064260864854485386 0.0046116685869171834
v 0.028711517665487494 0.023364415319753432 -0.016894432746876152
v -0.067224451951404529 0.086856464590519197 0.015462218121013581
v 0.035944528820089972 0.046809050060676385 -0.017023749297005918
v -0.012742339049882716 0.034831059915685608 -0.01676964423218626
v 0.034084531309678839 0.068197468003103223 0.016792494790771981
v -0.049766259228948229 0.083647390524470844 0.015876618295292379
v -0.075524726268905273 0.084207634239958029 0.010752160979717261
v 0.013256476150781935 0.07221526412517934 0.016736790016090297
v -0.044847391168926727 0.082745055856978944 0.015985936471860751
v -0.075971032609332814 0.073881144063216178 0.0061794143541208562
v -0.061269401973973819 0.08773311480546718 0.015282627773680307
v 0.015048875801829259 0.089522458746647951 0.0065794297635915358
v -0.01525560103239711 0.00059238158735075777 -0.012681812861568522
v 0.076556539402274124 0.06088061687677554 0.0014516503196703703
v -0.074226465530737432 0.087794668363959882 0.015206235086532292
v -0.065141127415318009 0.08775145898118121 0.015301325018814795
v 0.066779395911967687 9.0026587033880472e-05 -0.006663051984740152
v -0.059551999496707371 0.086275807215367567 0.015550514591239441
v 0.054264048647978139 0.06252740583777909 0.016574727114723988
v 0.02569911864233548 0.071553450872452989 0.016677485383364492
v -0.0048611907378961119 0.07692280447523421 0.016475859872981124
v -0.075128 0.0045019999999999999 -0.012710000000000001
v -0.075091000000000005 0.0043290000000000004 -0.012770999999999999
v -0.076017486317624935 0.071335601514979891 0.0057520706190496602
v -0.015444270866591125 0.06999003257257233 -0.016075211277490078
v -0.034372465219162845 0.08215128618510989 0.016032431495554257
v -0.035892414193877419 0.042463474094711184 -0.016309892102166022
v 0.050747798049353046 0.066863823028694647 0.016530032131109998
v 0.060558134151684144 0.049504615383809299 -0.016555149335044081
v -0.047061073047814352 0.084888968638236861 0.015713499685468296
v -0.047982309916734148 0.087536369554434459 0.015297518041030729
v -0.039290258989525692 0.00086590488795446042 -0.012564095252992312
v -0.074333165050041033 0.0037099304839108408 -0.013263994006698438
v -0.071786113304153382 0.0023279260361855777 -0.013984238536716787
v -0.017663572734641295 0.078527170056840845 0.016280429785467194
v -0.057566392502219538 0.085331291491475988 -0.014337170343379056
v 0.040498884080902769 0.054772071713391463 -0.016902451321199087
v -0.039847947880287164 0.082991826645182801 0.015917686255537078
v 0.015669534218595356 0.00029609224131727858 -0.0094667825332325276
v -0.074584999999999999 0.0073480000000000004 -0.012682000000000001
v -0.074867594678297997 0.012599010139530981 -0.011092732939371222
v -0.07488941105016178 0.0061256123232245 -0.012573109369465539
v 0.075395648660439504 0.050966717948894992 0.013540151272658965
v 0.042118171992532351 0.08930474686668663 0.0081657614328807318
v -0.023235500314879278 0.079951510634120079 0.016254204988269939
v 0.073185977803744251 0.015742449081876012 -0.01498773029249824
v 0.045752008658404363 0.045001977880179261 -0.017002376087611147
v -0.052713082927148762 0.0016615950234225416 -0.013467719145665056
v -0.07547865313350291 0.021696808110477989 -0.01043143479661154
v -0.055037033269414615 0.087273260239764325 0.015395502730188387
v -0.074451000000000003 0.0049560000000000003 -0.013093
v -0.073654961483395037 0.0038716380787580536 -0.013869815672615429
v -0.076017082882718939 0.048969862962690493 -0.0025587485071313434
v -0.052533187631371617 0.087440549235800025 0.015390151502372319
v -0.043104570534596313 0.083176365069199815 0.015956599457135318
v 0.00073709730597543415 0.00025920838480636551 -0.010515024520953334
v -0.05064137684355971 0.07975929860796023 -0.014937869155170494
v -0.065835054740199683 0.0024776958236330357 -0.014163275262317256
v -0.065489887791017595 0.0020119489216166441 -0.013888631886461804
v 0.075607995550621435 0.025031545717171717 -0.011841554409514208
v -0.058747630917480004 0.0019285158588855167 -0.013828557251590601
v -0.04550451483692293 0.086598025260222228 0.015507683279957052
v -0.00075167441127934264 0.031375626778511058 -0.016903852707557589
v -0.043944518591568477 0.043379228916140794 -0.016090351097221085
v 0.049895236321991041 0.049454208622140554 -0.016909270283227383
v -0.076097471803181743 0.057789902463420632 0.0020256268250018919
v -0.033570470827535046 0.00085607065771502243 -0.012623524103735557
v 0.040639101656772841 0.00021168325962065589 -0.0099011484938173674
v -0.074452000000000004 0.0051650000000000003 -0.013082999999999999
v -0.074027994394825908 0.056916077766980898 -0.01352772423571782
v -0.040323335707039741 0.043355801648439315 -0.01619083062218828
v -0.035624987855878518 0.08340076885829642 0.015807377370919178
v -0.018340940936814994 0.079733382541020234 0.01628228400392099
v -0.028028690639233543 0.081688502480269765 0.016062335183145073
v -0.075672245682762734 0.036971974878210058 -0.0058723150622835224
v -0.075693331317137263 0.033594667368434694 -0.0054829423103633507
v -0.071739246211540861 0.088316199739321338 0.014952662028778077
v 0.020186475794294747 0.075991838773181386 0.016404606284455857
v -0.074412369085404148 0.0078560125079672957 -0.013031001764114163
v -0.041541208695252685 0.070918709785192685 -0.015618300166746571
v -0.0061840098120208558 0.033402899704508562 -0.016862019872970445
v 0.047703625393462123 0.00045322327130740319 -0.012802187412876359
v -0.074567999999999995 0.007502 -0.012699
v 0.056272182992248898 0.049850089946349589 -0.016754833394607992
v -0.073622401231269272 0.0063016377418185178 -0.013954173737672335
v -0.045925936079598557 0.0015844085015254876 -0.013426682474298495
v -0.075527027674786695 0.086613050944645914 0.010628813995662467
v -0.064541805438302222 0.088693302119663461 -0.013852356825456618
v -0.040959737240783015 0.083706215048608257 0.015913024866376947
v -0.074153803986015371 0.088231301611962742 0.014723045905000115
v -0.073558445378231432 0.088439780905242932 0.014671900761434181
v -0.074775334521974657 0.08809725182814232 0.012884436810098765
v -0.042742666738604843 0.085517010380845263 0.015551955475276082
v 0.032225337065372082 0.054461875892851341 -0.016929255649461534
v -0.068389461666194279 0.088611359834065817 0.014333979578468324
v -0.074446306429274162 0.01240612637489181 -0.011734211077320955
v -0.040146238385380298 0.077345115615984242 -0.015243128156550368
v 0.022308728712083475 0.00034233661994523029 -0.010857665914636518
v -0.031698640189894801 0.083151843629827929 0.015838300104553744
v -0.038337885500134158 0.084452125209915407 0.015617791719129755
v -0.036910108555454173 0.086140270369417973 0.015530253429692551
v 0.076218800554309102 0.042249528898286426 0.005396708251861373
v 0.076112022587147637 0.02251814602520592 -0.0014914310666021349
v -0.0056500206732882459 0.078584914702644629 0.01626254878811851
v -0.075698918235543478 0.040984720395911445 -0.0057071995975003587
v -0.027365315313841357 0.00081855117505578979 -0.012703978753326441
v -0.071259850437274078 0.0047494969151079857 -0.014204795191549121
v -0.0050318510505840052 0.0635315483029711 -0.016502298319268575
v -0.074162623337326053 0.0079988236120214079 -0.013475155691171602
v 0.044833482828172844 0.070599692964296315 0.016529943828237078
v -0.074828119288381734 0.018139243628710552 -0.011124936259672666
v -0.067409823260692822 0.088235988151949787 0.014921524145388483
v 0.075676673169168485 0.055534615356086718 0.012829585476465883
v 0.0758553472372379 0.051819561273946227 0.011066312035914655
v -0.050748812843662498 0.08762953508152202 0.015284421027148979
v -0.061983613097209705 0.088138644309521175 0.014943149503072028
v -0.056544380030484655 0.088073235910719708 0.015062511024028195
v 0.058063713648273368 0.067479552379894739 0.016378851774405939
v -0.046640269110305589 0.078751651358200309 -0.015060055015375013
v 0.074634329016343481 0.05969501264814292 0.014580968235585027
v 0.074065196937305566 0.00095354234752794353 -0.012532923029084811
v 0.03427574179937156 0.00024626110523620647 -0.0096417624605426196
v -0.024542849118483839 0.082589879213614326 0.015850113513423109
v 0.022329618200569445 0.025562166416403312 -0.01693886699879539
v -0.054928076090476459 0.0022030535594303028 -0.014094766026782937
v 0.0022449795850812593 0.0004316911176993578 -0.013322921699375446
v -0.020961799579845956 0.08365076867889247 0.015711488263515015
v -0.034040347198659254 0.086050404148739448 0.015442062899842662
v -0.073897259764074352 0.088673218540167104 0.010864916637538413
v -0.074590435763488769 0.088314812926632694 0.012617596665399718
v -0.024649999999999998 0.00084500000000000005 -0.012793000000000001
v -0.040478334661280188 0.08675994242438391 0.015425667822793344
v 0.012955052821369148 0.078129392724215499 0.016185026116440529
v 0.075987769725860133 0.015696478894500494 -0.00136639967580568
v 0.04066947852260186 0.07288682279955512 0.016506975681645053
v 0.075709926026989227 0.0088805725046024863 -0.0067855870425120989
v -0.028660490216729541 0.084053185507340741 0.015731035612376505
v -0.053095765079993015 0.0025283626499785451 -0.014260825824919963
v -0.014210766701880675 0.082307364011929562 0.015839290454617107
v 0.058325181283431053 0.089831372945986837 -0.0024849745929063716
v -0.0743938731508096 0.012951594524906043 -0.012899674619666795
v 0.070174746645314173 0.064325257316775603 0.015383209057872407
v -0.041248679295543961 0.0019410509318602595 -0.014010728736268024
v -0.061884673925026557 0.088670524784581747 0.013848361585580235
v -0.033658638074804854 0.0015249511519399527 -0.013506879879663392
v 0.07619814058771282 0.037721757034249556 0.0036239323149367263
v -0.076150237972741397 0.069284615976239555 0.0024907726988052559
v 0.034617441367846176 0.07515208338856863 0.016403657914162671
v 0.06930693391482147 0.070533030807842942 0.015467116657641326
v -0.075439573226907392 0.029888436099905047 -0.010391047605796072
v -0.058723966712992091 0.088511021158091674 0.014347145392081465
v -0.026898838979459223 0.084829647008805187 0.015629579664660217
v -0.063054434519618938 0.08440344635535367 -0.014405363779937529
v 0.069736904267443278 0.088950968702684499 0.009889592201620348
v -0.066750329055721563 0.0058959551425219851 -0.014517062013117532
v -0.016834140575704683 0.083816300375228553 0.015696724181518736
v -0.0083129974096078241 0.00062224535314191795 -0.013378179534134255
v -0.020778106922422272 0.037550817116401632 -0.016657181198562538
v -0.0064422536474607319 0.081743881485035808 0.015949081293083662
v -0.013649002568502674 0.00064603057692363107 -0.013349674226575146
v -0.032307695219598302 0.08540883778144881 0.015431886345589502
v -0.023939173905116587 0.084651784429474713 0.015575005298664497
v -0.07353152172928891 0.011688759779401694 -0.013977113989582911
v -0.054904728990836343 0.088288862898216677 0.014678584597276081
v -0.076126149690828496 0.062611110451275778 0.0024880021020798801
v 0.018392398027745418 0.00038042062572006432 -0.011582781177133041
v 0.0047713373866415205 0.079503803172525242 0.016093896949201072
v -0.074081938706921285 0.013546966551182855 -0.01340687736192561
v -0.046596650862298798 0.0020830830178054801 -0.014039699106539714
v -0.050609342628086057 0.088077869349031529 0.014905082493191675
v -0.030015536200798703 0.085832039603743332 0.015397064540602273
v -0.0087709314829868077 0.089791096144388308 0.0041696827678410903
v -0.027332404868506383 0.087637183256268861 0.015075316220496456
v 0.076201000551458231 0.035124747091092458 0.0036853140361062684
v -0.0097491168829383582 0.081847675162965983 0.015947245823647566
v -0.070569723171405654 0.088981613529237807 0.012296722327350334
v -0.049298378306564868 0.088488013487228484 0.014181113545180809
v -0.075987997084625863 0.05140820469087716 -0.0030074449811646172
v -0.044568793563162616 0.0024005441861574871 -0.014253422410134258
v -0.068230817854694259 0.010826743814698546 -0.014699511640554167
v -0.033466598583394798 0.0019863475532916129 -0.01407233754629464
v -0.025021999999999999 0.00086899999999999998 -0.012808
v -0.026461453675350598 0.0014194909028830054 -0.013388986410880025
v 0.01429948350677987 0.00048028853004094575 -0.013363129026918373
v 0.076550566465605027 0.063325636445086125 0.0018390461003642338
v -0.057124583032403628 0.0057465715744419296 -0.014689953923085735
v 0.071901675948523466 0.00026752828140021108 -0.010941410545396673
v -0.010035535208647041 0.063856103769801678 -0.016428547952354704
v -0.074354964939389687 0.01717110902861211 -0.013041413035469056
v -0.065209092313962269 0.088937524248214939 0.012053254555880546
v -0.025782810120661907 0.086068059281053849 0.015313919642118307
v -0.045738446899845374 0.087945792822803473 0.015009425052413912
v 0.066523483222438923 0.047272609463413454 -0.016165635569870947
v 0.075963147401141767 0.058235941404962493 0.010933773143188556
v 0.074823726994702328 0.020114707259957197 -0.012185926521114427
v 0.0010471648458479936 0.08220044872444042 0.015794411739628658
v -0.054406135376938558 0.079677398921252335 -0.014898272957641866
v -0.07583510624133831 0.081713753183856652 0.0072650214830138832
v 0.07614257969604192 0.045011591940870982 0.0065071689074412582
v 0.075925437997627326 0.087805807664986205 0.012048478610881472
v -0.031039222849923914 0.087348219271460775 0.01522582464135722
v 0.075887588102342807 0.033099495145873306 -0.0066000912212863362
v 0.057744780913149878 0.072782066692487324 0.016208153933703739
v -0.03962904771387226 0.087948056175216033 0.015026602965395732
v -0.01877808363523354 0.00079319987155658262 -0.012910107725697737
v 0.025898364225221078 0.089324070684103446 0.0078451906473970059
v -0.043225475502776507 0.088434220512743952 0.014221413545868609
v -0.074792451341664248 0.088007318368744966 0.010059040749826633
v -0.042093005305612934 0.0022135477762043093 -0.014158378195854821
v -0.039952548204965979 0.0023927740569413655 -0.014272312580653266
v 0.076152150229741575 0.025598962535954894 2.1537938393719231e-06
v -0.020615559448233362 0.0012318250387652705 -0.01312466271409167
v -0.072887797382212058 0.089563875168963511 0.0060441884048415013
v -0.048268522524605451 0.0051854099709886803 -0.014676185214801376
v -0.070809372575354843 0.089267898193345296 -0.013507620429993126
v -0.076139428554780536 0.06639610941594408 0.00088288561237380274
v 0.075669029479151606 0.061480524344102921 0.013178672537295254
v -0.033510468804310155 0.087974905290234343 0.014935172144927511
v 0.030685146180555324 0.076997389116217299 0.016264233514502374
v 0.045880395612789553 0.074806172485236772 0.016261487402595771
v -0.076106930240296036 0.059013756270550215 1.1524759319550184e-05
v 0.043201408539790744 0.049661709069704324 -0.016967329505149967
v -0.07479265669506098 0.02581040656808262 -0.011127307552824265
v 0.052139631852785494 0.089103544110881672 0.0094932312446054917
v 0.070204010542900541 0.00036501173825041256 -0.012655574348281165
v 0.026565584603738396 0.054068430410589549 -0.016927163097402553
v -0.074158081092653885 0.088563469419370808 0.0093925297846525636
v -0.053835897106062749 0.088823033904877696 0.012550033815192414
v 0.010008161091810748 0.081582967028968251 0.015839347499583014
v -0.073732116097580735 0.014223761672008598 -0.01376804703989841
v -0.021921399536903235 0.0017536649646725099 -0.014004098346168373
v -0.0049480532807548308 0.084138264064073015 0.015495808833979757
v -0.02242849279359695 0.087456986023219982 0.015101454108090903
v -0.06205418514330964 0.011601648406544171 -0.015096950026581964
v -0.033075566432584323 0.039185242237682001 -0.016391773463615648
v -0.029066324846540738 0.0024295920276248949 -0.014367086725182037
v 0.0057020331162662254 0.05956142240176511 -0.016735894690609474
v 0.064200133079506422 0.00044420282025996497 -0.012775739366525556
v 0.015768195553217502 0.00051095846565969499 -0.012869628521704115
v -0.038927405898285625 0.088451442386859119 0.01411751021006539
v 0.019370589408336615 0.079878234803958281 0.016040003539245232
v 0.049063416779413033 0.073501890647003798 0.016232182889789372
v 0.025504513586761039 0.078521247013352558 0.016051834077106857
v -0.018305203244676223 0.086672460551736302 0.015149433597814788
v -0.028390198450321594 0.069107656301182374 -0.015935731586685601
v -0.032196416156491839 0.088478386276501744 0.014094578744633924
v -0.058655696814621405 0.088960360648572143 0.011850697813625025
v -0.015065923568572011 0.0013502998057709249 -0.013242894293836486
v 0.038164483387306283 0.00049205507711557708 -0.012830078633291647
v 0.025766605759122298 0.00047050610149637693 -0.012806007133214618
v 0.076506346384353899 0.0545175631753246 0.00063376786965467133
v -0.044999150012003282 0.088881246955030219 0.012101894448174973
v -0.05829467741640218 0.0099354481665169334 -0.015064151289478129
v -0.042831300852874205 0.0059751197666915992 -0.014840178543226053
v 0.037664040560395545 0.077204532746884449 0.016209827703897593
v -0.053765081105980821 0.0095969872063251319 -0.015102106039333518
v -0.075923802523679806 0.075453513284796644 -0.0045446563525443628
v 0.074554997768234862 0.066145211516894425 0.014619350204873677
v 0.012058877148892404 0.026666315849528461 -0.01692081623685435
v -0.016718611734712389 0.087475880867331685 0.015085192984343763
v 0.056261623785238017 0.089038404952636832 0.0098191351091070061
v -0.075433719544305264 0.037607316564676856 -0.010384535234666863
v 0.076485828374552062 0.073064568719853076 -0.0064569956425182175
v 0.00024140915741978456 0.084558157215567198 0.015402884969941112
v 0.0014949449321241491 0.056176886310005135 -0.016781840788831832
v -0.00095611260941306727 0.060625484955819743 -0.016658024014746062
v 0.053197353743333453 0.073769195521088182 0.016179167306014812
v -0.026208630256264843 0.088120714578291168 0.014695467940500757
v 0.04548064267112386 0.089043911839979437 0.01005742785704136
v -0.024830972790479008 0.002152677822919051 -0.014268137384091953
v 0.031859749217778219 0.078431046709551172 0.016007379810299763
v -0.013703960777431592 0.0015204484905516407 -0.01374470648111974
v -0.051004377212400386 0.089012849276230308 0.011180527354535379
v -0.034292105498492348 0.0059953211708566705 -0.01490013158048855
v 0.046374559393006956 0.07896725398870276 0.016038188365769809
v -0.011807110673079633 0.087697511851905913 0.014968718900603998
v -0.0279112705956416 0.08850036832018307 0.014121817054474422
v -0.016658903343013509 0.001967017611932504 -0.014238595824781224
v 0.076250480790198971 0.033537810685444036 0.0013057850899672039
v 0.037089047563986795 0.05186428327284251 -0.016964344836872133
v 0.055113743488632155 0.075797713782360138 0.016022320256681183
v -0.074475389655249455 0.021994698140430126 -0.012841491596757182
v 0.0084228580808802002 0.084210922065050417 0.015391832253982477
v -0.01937152287403035 0.066964704522359308 -0.016173289651017848
v 0.075858184014010802 0.061611796918729568 0.011967446129880101
v -0.0096989658539532904 0.001241766214381745 -0.013486507582691511
v -0.018279536703453572 0.0023843803320859852 -0.014463303294446317
v 0.029742352211482994 0.00050227581499090869 -0.012746518096174254
v 0.006574351617111074 0.054477290528244689 -0.016849797914056924
v -0.037761126548181326 0.0083400109536358787 -0.015196616873669968
v -0.05062434036327227 0.0094228508710394003 -0.015147640053955462
v -0.074088705496180629 0.018476501276474284 -0.013402849876722647
v 0.046522815621609717 0.075305275924225645 0.015995756649025597
v 0.075810281323238499 0.015017396273457526 -0.0058377289878833987
v 0.021784807294673837 0.081728916252094774 0.01573511632760417
v -0.073224888826005349 0.08872908631857257 -0.013846594885213828
v -0.018728719201819007 0.087788870786501771 0.014272539017990908
v -0.075045247681010729 0.087377413701909865 0.0059421036611717274
v -0.023498700226330067 0.0884788666177872 0.014139145479741676
v -0.021962366531949253 0.088186996619026875 0.014561299410143752
v -0.038194472674605462 0.088849707974755984 0.012251694543521549
v 0.0083644505157272914 0.027349159420218119 -0.016917930295714971
v 0.07564826621861645 0.065687998443655138 0.013526593577156267
v -0.029672541081897579 0.0078348151139127943 -0.015237169489077475
v -0.0054361302194331522 0.087596643811688982 0.01492087390419846
v 0.029120286701548759 0.079668175967092122 0.016005934758731348
v -0.047937302423328637 0.011068227718350547 -0.015321703486537183
v 0.055994438089319649 0.00044964331344927229 -0.012769762981838913
v 0.014917000622482253 0.083395936620702479 0.01551451373333641
v 0.022238735747613515 0.054425659954716397 -0.016897921342880439
v 0.047725805029750337 0.078509699692608459 0.015870951707056147
v -0.006785089188107731 0.0013925112123161815 -0.013558466812559056
v -0.031582081827498214 0.088898985862839341 0.012097440155450582
v 0.020417807107074592 0.00052085106259604523 -0.01294650395725231
v -0.0039307872648532997 0.0013299633587987851 -0.013509474363718731
v 0.075568825588716082 0.0046660415353975797 -0.011824868333436527
v 0.0033452669092851467 0.00081752443637351222 -0.013428490855431269
v -0.076013043912033382 0.086243511544117177 0.0037779516998675861
v -0.073485971831547314 0.019610982267590046 -0.01392039598582343
v -0.04827816454555299 0.042249892559685642 -0.015973175436039877
v -0.069952037989479618 0.020114784076077381 -0.014583200247931118
v -0.076097416080404753 0.072916868873281998 0.0022424987312163933
v -0.0096810821650768313 0.0019585698025430445 -0.014298951496629984
v -0.075894237212677074 0.061139783521982322 -0.0039044151643689851
v 0.052009658466009627 0.045462403346512574 -0.016899415180938356
v -0.035008632945483883 0.066096096409051966 -0.015908197041638216
v -0.075814539831186134 0.050730885483600135 -0.0049416477485335541
v -0.025382143682143823 0.006526011145940978 -0.015086934327763793
v -0.044789312307805834 0.075462645722565863 -0.015329863294126136
v 0.061048616638801907 0.075641793164631849 0.015838214439565661
v -0.040998751245651409 0.0095060578167820084 -0.015272569368872745
v -0.074439925081530078 0.029508587660774653 -0.012920077924521555
v -0.026506332256653015 0.08883248773690168 0.01253006828733768
v -0.036484004875327311 0.071687479435720958 -0.01564198025590683
v 0.076231424460668343 0.048829436137910451 0.0060983330531228491
v -0.015138519548179725 0.08808579600827772 0.014727911185587981
v 0.0056142008231528356 0.087535195616744013 0.014851451744251096
v -0.058258820647141912 0.079205925999484714 -0.014870731867208525
v -0.065361516623702764 0.089405251054988547 0.0078871059314971192
v -0.0092923264268623285 0.0022892158995419837 -0.014546852385221251
v -0.02663991335050207 0.036874966452010959 -0.016528781751217587
v 0.075332140379812715 0.0032471186118814819 -0.010858539563021928
v -0.018488486011764949 0.088830447641460919 0.012179216195072555
v -0.00069974693119162544 0.0013002700355174729 -0.013508893611920187
v -0.004113894185126114 0.0017770018039692586 -0.014152321284322386
v -0.0017403325115457286 0.002226466378683809 -0.014592273592251946
v 0.056749423694035156 0.015508007943190473 -0.01639503210226561
v -0.031248708579000372 0.065988145569543424 -0.016009995831253718
v -0.01701728057616728 0.088442434300706724 0.014059429072280546
v 0.068470120049814537 0.077744406094573767 0.015347899759677656
v -0.010649235949564396 0.088070285340480808 0.014708962617716821
v 0.076233362178134478 0.063227229060878201 0.0094865063498325939
v -0.045398985370217596 0.01041460312127113 -0.01530952866624128
v -0.03259080719071579 0.070368443352962912 -0.015786189212151202
v 0.072311808335076277 0.00082148374157203904 -0.011242756671125884
v 0.054688114054668543 0.077166731016702295 0.016066173740962086
v 0.0029260765517693699 0.0012695642527496764 -0.013489294282577037
v 0.02363614449209573 0.049271028531812464 -0.016993569268750949
v 0.027627004317625284 0.084400325830741224 0.01532429405988456
v -0.009993665645525035 0.088248649861542322 0.014432613847446416
v -0.075968079349087766 0.064662193970431298 -0.0034839274731218997
v 0.075204269218417774 0.0026548613184490984 -0.010189835932253489
v 0.0080427258865607473 0.0012132355697527628 -0.013461933181861608
v -0.074220343454614854 0.024670052339528206 -0.013229738947558209
v 0.076333450493376129 0.052750612059197385 0.0057844194014087464
v 0.0624475379559788 0.013779693662265412 -0.016132272896229385
v -0.015924617548772044 0.0055289003443296826 -0.015018247341180489
v 0.0067348000256573816 0.0013494381493193053 -0.013621690670379282
v 0.040215479804337692 0.084510892878910227 0.015284064560094672
v -0.022773990536017388 0.088922211541611729 0.011794838425967052
v -0.023641861614463806 0.067270063999744431 -0.016100786728920131
v 0.014042806751742132 0.08757421415346546 0.014821085019528691
v 0.076129629782615102 0.029752444951482257 -0.0030922274703163032
v -0.057325447161426596 0.013539167761834711 -0.015298750615310126
v 0.0018659331484155162 0.0018483094023830878 -0.014299492269185031
v -0.011990240627941039 0.088644341179764635 0.013424353844812199
v 0.045587880680539004 0.019793048162834271 -0.016694662923644681
v -0.074783652862039696 0.088657582999630696 0.0063266690433873493
v -0.0042418656328633165 0.088195181532032541 0.014448120132400278
v 0.018300167197814087 0.0010882731710521753 -0.013372467426190752
v 0.074874850041158347 0.071964198795159223 0.014534764581373325
v -0.017876412362388884 0.034004145253568242 -0.016689843642862905
v 0.013310604318754242 0.0012889699523443484 -0.013629849278510676
v -0.073847009801174743 0.08914219946779034 -0.013153331882384673
v 0.076209279370449856 0.035220075903720456 -0.0004575863244055493
v 0.076355093267625851 0.057342181498343012 0.0064916821528036434
v -0.066781722191329815 0.018234560239805943 -0.014965454300304729
v -0.075432951848456775 0.047794613714994175 -0.010323131650536417
v 0.023526179206827369 0.0011222845457547995 -0.013359758050185005
v 0.076271098680900221 0.038691741120855154 0.0005266168787106066
v -0.00044256064014081074 0.088587079472352226 0.013704764324497312
v 0.010761501537835526 0.057421243399213708 -0.016802099455840706
v 0.057631366329211176 0.080302985905649688 0.015579396680884853
v 0.0015663091167191624 0.08822052401467359 0.014412043907466119
v -0.076122333169741679 0.068652416244517026 -0.00070721968888689667
v -0.074666407820650524 0.03436060009774871 -0.011130887416587744
v 0.010089065331356036 0.0022511784755276727 -0.014692513081747228
v -0.0095198272210441012 0.0071032519628081688 -0.01534227122087806
v -0.073460053654005208 0.027058307233280315 -0.013942627618049222
v -0.075733107441151595 0.070613370824431587 -0.0065295624498160126
v -0.05279342203723375 0.014178481961734306 -0.015432316031574486
v 0.075371194905631059 0.088698516302719591 0.012495895752496182
v -0.075813537726302907 0.058018620916931822 -0.0046770269703954245
v -0.0045227487291518804 0.0050549226294388959 -0.015075750930833895
v 0.0090589999999999993 0.0018619999999999999 -0.014357
v 0.029239044102156206 0.001117827110985295 -0.01345608285019847
v 0.059367349456611228 0.017063709438254915 -0.016332446880788512
v 0.032752785577073222 0.087461313600346424 0.014772771749455404
v 0.052296027892337428 0.016971870918246187 -0.016525413563398532
v 0.074504617701124612 0.080483304954785534 0.014686010741911977
v 0.016364744297429158 0.0017047406860737496 -0.014298056167509732
v -0.040922056144428356 0.013113933867140236 -0.015611894395710212
v -0.060393533134845793 0.01891474476973411 -0.015410091376306601
v -0.00026482429657348602 0.0054964116973387853 -0.015166626118902963
v 0.03870999339561184 0.020892708990687282 -0.016795415104634111
v 0.076034250176149107 0.067679336378606167 0.011445470501524294
v 0.075790913421408562 0.071090134598327775 0.013282073324526746
v -0.03288340441936035 0.01316273430909988 -0.015741087454006594
v 0.022112013495228924 0.08766487042198845 0.014757823703491345
v 0.0072548449538494091 0.08857195113172997 0.01375965021282349
v 0.024668691789981802 0.0014530050991644018 -0.014103291916609532
v 0.0066330617304320169 0.088090020586520129 0.014446958208552796
v -0.017502351407407763 0.010665451974022673 -0.015684125341072004
v -0.074290923316051638 0.055908158951022024 -0.013189520313844537
v 0.035321115828903731 0.018415161095138792 -0.016675718093296949
v 0.075156436317171199 0.0019637889525539885 -0.012500641806303822
v 0.03970895619092097 0.0009845389468037891 -0.01340488985973572
v 0.075804194599504826 0.023367720146785315 -0.0072212973189028128
v 0.076342486914043745 0.046878909111994188 0.0039036056316631056
v -0.065778975603422885 0.089734162929083469 0.0034919910728399501
v -0.042602145581951349 0.089525515931307961 0.0067827327148155172
v -0.076041536147700248 0.071316846811519313 -0.00098533766540589377
v 0.01782717308221932 0.0022539778619441344 -0.014726067019016024
v -0.057839570166518389 0.089570317914070649 0.0062864920092618745
v -0.037399514977597463 0.089562997911397435 0.0065383151187194096
v -0.026167939984792658 0.089336922755375636 0.0086994097791437616
v 0.050113142272784822 0.087329855482922214 0.014719279617921282
v 0.012936388069527733 0.08807132214501559 0.014456949525418039
v 0.018582301866146147 0.0015982057339082208 -0.014250641104054393
v -0.032059576796897402 0.089367219258301031 0.0083973768684865533
v -0.048936007526595444 0.074631558775765328 -0.015314896056670513
v -0.073640095124410859 0.085447187931563987 -0.01397597319580768
v 0.026842852697791908 0.0020579016552538056 -0.014702088028898806
v -0.038011151506741253 0.013896584472599225 -0.015717838597229285
v 0.034047232213294532 0.0013302608015804871 -0.01409538584292155
v -0.023496860682856828 0.011169367898900499 -0.015673180160462166
v 0.017996240208006976 0.0018615508304901389 -0.014480141306457719
v -0.01378064524335643 0.06176285788970079 -0.016456383142162283
v -0.02270243428101245 0.089739421547013046 0.0048976683999262371
v -0.075667092335424319 0.054310287823390965 -0.0060604712593325611
v 0.0071958391578908956 0.0063513015111978204 -0.015378399776148076
v -0.0079392348030216803 0.08927210800017249 0.0091095179250430484
v 0.011158092883855988 0.0062504869233708906 -0.015391129785166735
v 0.012793484155510191 0.088551397566850529 0.013771285937045272
v 0.076239200856657308 0.036922257305912268 -0.0025138971485508506
v -0.046743605226935665 0.018154719513631866 -0.015788234701288335
v -0.01265075566669906 0.0097683781002456289 -0.015623193754173778
v 0.043133633935498683 0.087403270606027747 0.014704154297208581
v 0.030838587180567385 0.0014464281377132271 -0.014233041457247388
v -0.00371826100276589 0.089281320828221045 0.0092804393307073657
v 0.058443180896325782 0.044632574713141492 -0.016665780802889659
v -0.074393999290169627 0.035213852559755475 -0.013007538933579716
v 0.018041000000000001 0.001732 -0.014373
v 0.068036140329947314 0.082872930982152676 0.01504162566694719
v -0.075933738679990606 0.06954893677581489 -0.0040496088184696719
v 0.076366739953028451 0.068938585414968181 0.0091734664661545593
v 0.075803434709861728 0.081793795467287503 0.013811875942206729
v -0.061713149626088079 0.023071423232740775 -0.015394103679681505
v -0.064909663596058459 0.026113816634439034 -0.015158119328923442
v 0.061933487996279651 0.083400943136308331 0.015142358153536655
v 0.02125667793054245 0.088146800667764036 0.014346435383229366
v 0.020593655165293767 0.088542390470777943 0.013433053048913667
v 0.050899430959988154 0.00095652063294020121 -0.013380389665199898
v -0.027433673496477365 0.014129681817586219 -0.015893334039988469
v -0.055385791087242432 0.019361444838943268 -0.015587558802103546
v -0.074850835940528937 0.088603953366300364 0.00087864529762300301
v -0.0049672858007364512 0.010024535080554354 -0.015743057605263816
v 0.07641710070609628 0.073368263285911617 0.0093215862491638352
v -0.074162416454704644 0.033501381379437221 -0.013370626865401018
v 0.032716818124920624 0.0022190282050799331 -0.014790778479778803
v -0.04774130340151711 0.089708325597498112 0.0046205283046862064
v -0.017613947413637712 0.089350688095493999 0.0086555683456779071
v 0.027708 0.088031999999999999 0.014430999999999999
v 0.030823054292158952 0.049889022566501649 -0.016992233652059915
v 0.041763493809217109 0.0013112441083990244 -0.014165027142028282
v 0.039028682802551132 0.0020636449012584723 -0.01476330115414997
v 0.016921332734356476 0.0067781664680444222 -0.015480089785167614
v -0.061850384786622727 0.07707894190686862 -0.014970617739537319
v -0.069235989036212975 0.028669870963037948 -0.014684657326860197
v 0.076407653633900813 0.051493509975422153 0.0032851584530988972
v 0.021065447693238371 0.089304905321435119 0.0082138387485161859
v 0.075900435130392518 0.078080417256845044 0.01334753198992341
v -0.053017625021808783 0.042423580814041316 -0.015811530678337796
v 0.0036464098659346683 0.0083208313962019557 -0.01559866180063978
v 0.071570974605597498 0.083584059055396773 0.014838496392383632
v 0.027501999999999999 0.088075000000000001 0.014383999999999999
v 0.075589075147723242 0.011639364349925053 -0.011934701938312607
v 0.075188326917143389 0.0052846377364247649 -0.012376491181533941
v 0.0086835508034730398 0.089508168491119547 0.0072754848780631374
v 0.076290273351227525 0.044952978243050855 0.0022035775028294096
v -0.074258778702561701 0.086532310975978452 -0.013445271232555095
v 0.023965374273495883 0.0055179294638617116 -0.015322614495886492
v 0.057249578398806636 0.0012381261319276689 -0.014189894645263171
v 0.063138070283065284 0.00096381219250339233 -0.013295255414374891
v 0.051995037879894151 0.0012980083392835795 -0.01430153624062949
v 0.076523046606240125 0.064897112655464217 0.005970318873580409
v -0.073219854307250032 0.054072975639277578 -0.014089308854958476
v 0.031818822622004431 0.088424753785820612 0.013715858564815856
v 0.035127462580467589 0.087802545636551654 0.014560368986872818
v 0.076155345709010724 0.076211671078159446 0.011687132027659057
v 0.016628123460742602 0.089064818456412093 0.010316193250642992
v -0.062704954597586487 0.045284463176857401 -0.015325407166647383
v -0.075794256593076731 0.065849871695029705 -0.0049457466823883273
v 0.076392560604161608 0.049107083511219847 0.0012589328237290007
v 0.020867932505075727 0.0057685931626261467 -0.015279233168959327
v -0.050502642045360556 0.019945864042978583 -0.015763542404874813
v -0.073337163090373456 0.035456365218869433 -0.014007455187046056
v 0.00086306268994294289 0.010214446623832127 -0.015802904420254889
v 0.076485189328704503 0.058362060546032907 0.0049141241337870897
v 0.036563262860628401 0.088102084689900356 0.014256676529563342
v 0.070107000646450979 0.00094773968472842409 -0.013353465580109775
v 0.043529034735950677 0.088013374309869441 0.014309060375137463
v 0.0076665161421564289 0.089302162497046395 0.0087581459267966101
v -0.010371813522720911 0.089527617644948279 0.007188969715264064
v -0.02659381532694037 0.064587658490601038 -0.016122811118190718
v -0.042570200565197246 0.01925070804355215 -0.01594698164773687
v -0.046180215419340448 0.071596177001939418 -0.015516185504939609
v 0.076450416160607437 0.055137961528418759 0.003902171838871898
v -0.023269955029244217 0.01759220094990839 -0.016177082140010464
v -0.074591988344117316 0.041863812505142234 -0.012769145335721949
v 0.045386505474920284 0.002237142938106047 -0.0148720929836067
v -0.057120179737951839 0.041309926749555206 -0.01563660076751941
v 0.0084358381378354004 0.010014266830713534 -0.015845530164841245
v 0.058909685719674781 0.087650934475587222 0.014562865583164527
v -0.032740746657428245 0.019256879258398689 -0.016135835068926033
v -0.052791513681731385 0.024101392439129409 -0.015779406556745305
v 0.060348506487690745 0.0013408543861721501 -0.014409675920337324
v -0.016440018534064661 0.01526059692264899 -0.016075674010180511
v -0.0034226108019557375 0.028869050883490822 -0.016840846011815132
v 0.041625790690542723 0.088227961774886413 0.014059898206784074
v 0.024197011266973482 0.089273689968259851 0.0088847846855317335
v -0.057840376388287568 0.075230077551947674 -0.015137492684387594
v 0.0021522658779609015 0.02568662378029905 -0.016818970597539933
v -0.074844125901898706 0.045556466094640619 -0.011056676226901733
v -0.03801858098054528 0.019337874018565553 -0.016034303567394853
v -0.010111604426208868 0.013198530421061169 -0.016010608005788317
v 0.075136989834392959 0.0029852679646198998 -0.01385937607015238
v 0.024873531698431123 0.021852514815700649 -0.016830914332742645
v -0.046231171826054226 0.024303944111611239 -0.015985253390501525
v 0.076385961993711601 0.046018218378836698 0.00089215561699595362
v 0.076285412454103779 0.041177492772864546 -0.0014102604432027004
v 0.076034585006674593 0.037801656149243378 -0.0053123773120504342
v -0.0027258735155524282 0.013802772639336144 -0.016127716604092422
v 0.039213569110968474 0.006248556947628282 -0.015484875182581171
v 0.075018275733234427 0.0015391242806786075 -0.014129886058620403
v 0.073320105483956413 0.0015826161179817652 -0.014918177123350163
v 0.049318135694877724 0.088425912676370691 0.013664118652196815
v -0.057272693657826529 0.026056886922992226 -0.015625791966869983
v 0.065283146270114084 0.0019284509245710885 -0.015128505310513235
v 0.024561292787996587 0.0076902591465190621 -0.015614519329286624
v 0.0748812641654866 0.0016422804234022049 -0.014249326050898599
v 0.021525483099906439 0.0086016885828456863 -0.015711384032023736
v 0.042898634652330576 0.088591860620946553 0.013026580153012857
v 0.051048918533595417 0.087999271764380285 0.014285157533829853
v -0.010064109608225852 0.029173375431072082 -0.016749940050038065
v 0.067540589639503254 0.087651517624841441 0.014491820196027256
v -0.028501773745686666 0.089735191862638258 0.0047232428283166643
v -0.042811187076934175 0.038795787184987912 -0.016146872636731341
v 0.057912577225803202 0.0021315544328887838 -0.015055478732271824
v 0.058355503416481297 0.016365355513313588 -0.016413109924863663
v -0.005640433756005289 0.016837245376751304 -0.016352453919790937
v 0.068944085292080431 0.0012807591816137863 -0.014511901047746408
v -0.060518013243061095 0.02999564673862079 -0.015498014621874138
v 0.074593667040332379 0.085995898878910973 0.014546832495057518
v 0.075014886763450722 0.0087207727300556669 -0.012604970690886862
v -0.027114926483299811 0.019247114722824536 -0.01621583596884953
v -0.06813594053755509 0.036819700915440706 -0.014773179177143702
v 0.031497496963951696 0.0084456884288153216 -0.015739838041582237
v 0.056566089038674217 0.087971992582615913 0.014314050327723113
v 0.054166470282735482 0.08843072002974281 0.013584912885773608
v 0.07558199738610058 0.020774923726281432 -0.011787603716006229
v -0.012017420158497121 0.017506242129763323 -0.016298642996885812
v 0.033340258589953438 0.088936031260491613 0.010974158962677562
v 0.035010489814128243 0.01016302139695623 -0.01596588380034928
v 0.075897230846143249 0.085654881729082089 0.013839664814532956
v 0.074250629450543976 0.012322303531501492 -0.014334126587143968
v 0.076148025622528981 0.082536330547110445 0.012260470472382788
v 0.076409527396963273 0.079746106707775266 0.010267812395150101
v -0.074258308201902851 0.040976186128155921 -0.013200096490121025
v 0.02063013331710158 0.010905867870278514 -0.015981205719727391
v 0.0023588224442854253 0.089460857408086347 0.0073850259644543592
v -0.041934286519396541 0.023762747623564024 -0.016096291958739246
v -0.038788350380686738 0.024171018255083099 -0.016165223427284874
v -0.035794403001103869 0.024586554785558802 -0.016241173809908679
v 0.060621142349603675 0.088082416963386576 0.014207535941193512
v 0.076413125038522545 0.077052199276076691 0.0098365280255322991
v 0.0059191318667996323 0.015268153991383983 -0.016329799837883862
v 0.049132406016342521 0.0052003150340193269 -0.015395987941022642
v 0.014059446746741072 0.011673117949206769 -0.016060435249642926
v -0.017845817603562839 0.019067035432405927 -0.016306871407424386
v -0.073100203361586319 0.037951232360250768 -0.01407639841911771
v -0.061554593202585536 0.033385005561481523 -0.015431029834457471
v 0.025191096979844722 0.011597657879298862 -0.016069889275630182
v -0.050808346666265193 0.029598835863903064 -0.015908912349911153
v 0.00086940603483781989 0.017000888923932107 -0.016422837869835501
v 0.064924676845833862 0.088010594532364692 0.014255844337254808
v 0.061358089989498793 0.088169841127530069 0.014060900904787269
v 0.042498105000928835 0.0082955439951346889 -0.015770576360669565
v 0.038671594280239099 0.0089422935752329208 -0.015844701682309423
v 0.054270259041073562 0.0085089809169466239 -0.015893873350736692
v 0.070789042884886688 0.0020100662627949451 -0.015143908740397912
v -0.067642291626960449 0.047189004430003803 -0.014865701224767035
v 0.059553738768853087 0.088579576559917578 0.012951164768048251
v 0.060479142694436196 0.00485747774308193 -0.015459396542040597
v -0.0095825778541868065 0.01964848648940969 -0.016455347779512061
v 0.066066915021627093 0.088168391428070911 0.01408565015624369
v 0.06939060089488816 0.088050956363306981 0.014258879509110544
v -0.06568983159042667 0.039116017475613885 -0.015055447671186734
v 0.01318876167327427 0.015927476850766141 -0.016434077060262699
v 0.066137341126846799 0.088601653269034977 0.012903436256614506
v 0.074408279095100685 0.0037888462693955937 -0.014227584491231678
v -0.07540665110856451 0.057572214600415117 -0.010289279694196038
v 0.075150591685262461 0.087713172964775335 0.014336854600333271
v 0.071133873716151375 0.088189516216387445 0.014106044053957456
v 0.076289779155971321 0.045095255382841912 -0.0022518537040169696
v -0.033078786255408617 0.026389156526276061 -0.016323236858274325
v 0.051212012603907939 0.0087843595349655253 -0.015858606060234915
v -0.025542083008068418 0.025311258410350826 -0.016459622275380253
v 0.044235976874175909 0.016901080660196865 -0.016527627883515444
v 0.046535326028802136 0.0094421640430082093 -0.015925534645248502
v 0.046757907009098841 0.016495384729166746 -0.016505090829775689
v 0.074353400046815357 0.088188211279801115 0.01419460112523248
v -0.043156370478395323 0.029287016489825721 -0.01612851935440628
v -0.073090568455194849 0.044188416969766553 -0.013988806504126696
v 0.032975807630139263 0.011202980125464957 -0.016072744673585132
v 0.07238172935364548 0.088666772957564699 0.012623891747504329
v 0.018180478555239261 0.015508816994608694 -0.016411392892812925
v -0.053688261261657044 0.03446769790163641 -0.015826888688335979
v -0.019005439100014232 0.023905000005238 -0.016482430206172356
v 0.057757001085102941 0.0081261934795904735 -0.01583916884449289
v -0.040270122931389957 0.029959494874553554 -0.016216004609710739
v 0.074567578042815774 0.01185051706680906 -0.01239343048160157
v -0.0055790604833617901 0.089606862249494518 0.0063555402147498991
v 0.076144357563225684 0.086587196821556273 0.013441605305143661
v 0.076131750453508271 0.086992762406138929 0.013118475760691389
v 0.054586644590197068 0.013793150933519457 -0.016293336701073247
v 0.074958440806556115 0.088262648343493594 0.013982840498947262
v 0.037214463880097852 0.017852397773011092 -0.016578748977644463
v -0.074463880692916151 0.050513198483055674 -0.012962395887214543
v -0.068885753938691105 0.04276015360351916 -0.014644484532728621
v 0.073236112004248899 0.0063526338849517854 -0.014971103935912389
v -0.024324198242747536 0.033171746058981315 -0.01656735479222339
v -0.014728116421497748 0.022005799577556655 -0.016482827135756981
v -0.074696926669911831 0.056927324689308466 -0.011001099456950754
v 0.041890471274396927 0.015479535323377983 -0.016476926933071952
v 0.063995384368787156 0.007436071419882612 -0.01571725075330669
v 0.074919575611861744 0.012634021331729577 -0.0123806475692201
v -0.060311786524617488 0.036354457061167064 -0.015491991924863406
v 0.021888356120488596 0.015584769700305425 -0.016453750560514038
v 0.024645607047750876 0.015128191630855936 -0.016392412646417491
v -0.0025726988603532947 0.023785676371105322 -0.016725279867273443
v -0.046950328500529957 0.034164300202733172 -0.016036585343417321
v 0.03691699024122224 0.010733714323842462 -0.015889811287600582
v 0.043998956427960777 0.011198227733116838 -0.016147204597051878
v 0.031013439198082495 0.014299896932266215 -0.016351511623113893
v -0.074112103980109936 0.050508407048268034 -0.013381469416062788
v 0.010084564689548993 0.019277406570990981 -0.016626161795892654
v -0.01053075862232105 0.024230615359309263 -0.016626427142659779
v -0.0050343145586700128 0.022344181065227731 -0.016638002987172971
v -0.037141120648885854 0.035631409965641965 -0.016293852383841352
v 0.068737768163144766 0.0086187054628681994 -0.015596915827327067
v 0.037964547395978411 0.013535220914677825 -0.016303063933755874
v 0.041693556881387484 0.012077123610934135 -0.016175334581951514
v 0.03482492148478919 0.013633536796428801 -0.016346603257879136
v 0.0023069635028034165 0.021280218764157571 -0.016658973088332914
v 0.028229862134759167 0.018496846034811554 -0.016644183237102185
v 0.049324323552472425 0.013019559042595521 -0.016272905279519186
v 0.021209153340888583 0.020045765456059645 -0.016721946398010012
v 0.060314121432372109 0.0098606899598892746 -0.015954079170550316
v -0.042079380261029309 0.035026089811589396 -0.016174234907211427
v 0.074548937534673704 0.013726344906739105 -0.013852053324542788
v 0.051855690402344536 0.012625939255254516 -0.016220865535107723
v -0.073582429406680527 0.052003087626329679 -0.013832274486211238
v -0.016028476190877605 0.027524249279429071 -0.016618462269022291
v -0.021239776888249292 0.027766832195693113 -0.016552949018840239
v 0.056148571812277143 0.013056430936314742 -0.016242318873993553
v -0.03126726667731939 0.033605880573635484 -0.016444632539331358
v 0.058589860070546375 0.012369896126703033 -0.016150449944727804
v 0.045516709582621627 0.012941252704218833 -0.016265590499003897
v 0.016521392048727181 0.019543275629342244 -0.016683692858326434
v 0.036826959411212778 0.014388586025855288 -0.016247292640952555
v -0.050765755393634468 0.038164727406282836 -0.015916783653620176
v 0.0079590065045898346 0.023473083495141753 -0.016814812957451443
v 0.032657063943092285 0.017219946974781731 -0.01656690790665474
vt 0.17057856479861802 0.69007894136271331
vt 0.19954665761562876 0.31741331943096923
vt 0.20501867609834395 0.31679398926594171
vt 0.17520818112494055 0.69007567496226851
vt 0.17069599142969435 0.69370178200311849
vt 0.17079735573076696 0.68892619561319135
vt 0.16947335576585523 0.68967389598497808
vt 0.20052126713064131 0.3120873842827393
vt 0.17055466920248563 0.14066383407984151
vt 0.52862377943821859 0.17745392847425495
vt 0.17519529753247562 0.68772626169190065
vt 0.14944273002517389 0.17622132266231927
vt 0.1970732366806941 0.31421726988028625
vt 0.17415198496867443 0.69711069601059839
vt 0.17928156982948185 0.69645260228557193
vt 0.41141169863234067 0.15202001731018383
vt 0.16674259359905697 0.68878639627447924
vt 0.1850487770568352 0.68569023646809357
vt 0.18619545884239957 0.69100679779554897
vt 0.20781753188782709 0.32009702400136764
vt 0.21012196792570956 0.15072271061333292
vt 0.1957781302297697 0.31545008586863488
vt 0.75875054818156518 0.37375137895567251
vt 0.71460058543082294 0.38344178959108771
vt 0.70933212732012441 0.23434816893344837
vt 0.69827716304826071 0.21264495584453502
vt 0.20138247129590706 0.31907219223940025
vt 0.12314851225118466 0.3229996506041739
vt 0.72170753272826715 0.21789656758652065
vt 0.19992596828181314 0.68258583047526522
vt 0.64413007757654839 0.2072853539435266
vt 0.17944685235892385 0.68366596400417023
vt 0.93948066749373327 0.27366552543416123
vt 0.20494305244613767 0.67922039445872484
vt 0.21058803408058033 0.30944708377838581
vt 0.50568983380324029 0.16435993000147131
vt 0.25801327921264156 0.14476392844262875
vt 0.12968660430809006 0.24384454495518076
vt 0.20966822262151463 0.37595244979376724
vt 0.24399899366299158 0.37769834669568642
vt 0.91490689839115513 0.36934854016764423
vt 0.89675816478463477 0.38316778518459216
vt 0.2688914347369496 0.13558398852085823
vt 0.21847345682028751 0.37034225450091635
vt 0.72647768889782249 0.36775735351189254
vt 0.89613572502486938 0.36330466720573984
vt 0.16624896186700169 0.69240329823361313
vt 0.17244576137755241 0.68420898504556904
vt 0.37718928217125414 0.15045905383624358
vt 0.20246210125576261 0.69011758768313358
vt 0.12114177890772378 0.2353616039646797
vt 0.15840882731089928 0.69235592156742476
vt 0.4170967917162316 0.16979792630836121
vt 0.18081613194492657 0.70317257066726835
vt 0.2249307370646412 0.68672172940516518
vt 0.54089159409819532 0.19066299205977918
vt 0.15122875398403779 0.19397215184372021
vt 0.22288238854773304 0.67669509029915564
vt 0.19198017062140366 0.67894321229342147
vt 0.22264990974891027 0.31987076966345407
vt 0.19379820947020129 0.6985923762564159
vt 0.17108951354024193 0.70246443845443707
vt 0.16717405130396698 0.70034416071402394
vt 0.19617867072197173 0.31729749826744841
vt 0.15995774419201242 0.68631828424514263
vt 0.19558635175570788 0.31937157968791624
vt 0.22781940760042393 0.66901031657738086
vt 0.24194319633516484 0.67218559244610476
vt 0.18487923939978793 0.67607105975497817
vt 0.15388937208848102 0.18068405594153408
vt 0.21023481721204917 0.67322523041255811
vt 0.13889090162607029 0.33104227999361974
vt 0.73117529982417206 0.22858556205739461
vt 0.21298329986493822 0.70347356925179039
vt 0.22136978902131019 0.30964177691437406
vt 0.15123739375238354 0.15117313236926
vt 0.16348292175717249 0.13948888495138531
vt 0.16591096255003812 0.68296601862914375
vt 0.13861703636905731 0.26398992741911642
vt 0.19320936397599847 0.31459032972399681
vt 0.16405514702818397 0.17804773142073421
vt 0.67705500419869968 0.20397015789435055
vt 0.1254144803002073 0.2027234676722747
vt 0.31303316702299 0.15184603887073386
vt 0.26020257212835052 0.67177689442586486
vt 0.23390358389623231 0.3940301957306952
vt 0.17481766860471565 0.71105538013712788
vt 0.21723572769836319 0.32264445953277238
vt 0.25474687095591741 0.68700087855045333
vt 0.57166318496210311 0.18698464620896524
vt 0.27794104191986563 0.66620416977948882
vt 0.25630126023120969 0.66243183492300139
vt 0.13936986935026624 0.34310065598341977
vt 0.23290310380920051 0.31386094574606693
vt 0.9561465339108236 0.26631742600007169
vt 0.11930711896851511 0.2607375463927819
vt 0.1909448011365904 0.71273773969342491
vt 0.26701154875427463 0.39331221335163147
vt 0.28052577775741683 0.38214599142865552
vt 0.29445020009960687 0.39053109002353092
vt 0.85514146015086345 0.37499016284636627
vt 0.23679158557215496 0.69911779261569096
vt 0.7823083628816131 0.38538113983846245
vt 0.27418785377386146 0.67491874921153872
vt 0.19503665980557344 0.30815530822371895
vt 0.19851290455008144 0.30369205245441405
vt 0.13433850744882783 0.27027399501036775
vt 0.94509625384716511 0.31573588160673027
vt 0.13407936475819043 0.35034917379594599
vt 0.12928463089355183 0.22595280745146484
vt 0.17016499998095549 0.6773575690905782
vt 0.78303213052834453 0.36294696509595653
vt 0.22660680692450375 0.13188703641898508
vt 0.30868002150464929 0.40106172953985947
vt 0.16007043184485384 0.68230275774092508
vt 0.41710495099436273 0.39230913189732936
vt 0.66957151232992995 0.21389942420257108
vt 0.42800350188302305 0.37906337834090403
vt 0.28392027443672424 0.66147530418075939
vt 0.23823078451846125 0.32566753412564231
vt 0.29248805500672542 0.68443055122691199
vt 0.25822712058945585 0.32477242871757639
vt 0.25684903993160541 0.36931103458463876
vt 0.30535071048648416 0.66700552874388042
vt 0.11591989807794877 0.30542591816184128
vt 0.0084925729134160289 0.94794134134977748
vt 0.19277651812748903 0.31810994030835726
vt 0.0041482466851503813 0.93153980718034435
vt 0.97910591323761909 0.28294397030888307
vt 0.97468423315375341 0.29377217115782517
vt 0.31347324686268985 0.37660894298804265
vt 0.021048602314956016 0.95419192048072365
vt 0.1720796857150132 0.71474237976641675
vt 0.43633451772171972 0.4010967698078709
vt 0.25564799286486511 0.70310269798723557
vt 0.11085648111328301 0.2806509141703562
vt 0.78653646638777341 0.23542565646368749
vt 0.80841406752601419 0.22635243442252137
vt 0.1660578933232815 0.71561180872644492
vt 0.91511618327522803 0.25228399699366888
vt 0.35443105866169267 0.39655977750334365
vt 0.80523491730157704 0.25210902789444489
vt 0.82888526410295682 0.22746725490755054
vt 0.20149427802939976 0.66767726114235426
vt 0.3190863298652058 0.66119539146255468
vt 0.74795473448820771 0.21627060299509671
vt 0.12097439246923819 0.2869743132168186
vt 0.22256066188507728 0.71135404383837586
vt 0.32780313332184069 0.66499811800586717
vt 0.23082889110835983 0.65722117076385489
vt 0.12189416565081851 0.29700445948570259
vt 0.27949263306156258 0.68985272125360997
vt 0.83934153443979809 0.25140083565342108
vt 0.45698370049899439 0.3774388106870214
vt 0.31802537682674553 0.69030782622491937
vt 0.46080870585287836 0.38651226750488926
vt 0.79156210985548781 0.37364821751785976
vt 0.2021211861584335 0.32577550535975869
vt 0.0077607343057627693 0.95523134436637469
vt 0.45301061682850852 0.40073794659230816
vt 0.18455088317273668 0.3805581992759044
vt 0.016468660366911719 0.95712035324984601
vt 0.14567900869241207 0.31302967916642327
vt 0.023147871125791655 0.97213276771260615
vt 0.20031517628111711 0.36335434657415233
vt 0.20511880750546765 0.72051772572187667
vt 0.90553072817153735 0.27702876530116005
vt 0.34230629736483503 0.1526319062638731
vt 0.47807937811122542 0.3959508889743627
vt 0.34749339683997299 0.67691771329286443
vt 0.60965963308599802 0.38238854515625303
vt 0.56323377791055051 0.38865473580915372
vt 0.55894690991384377 0.38080234956231279
vt 0.021422535582733118 0.95735184576092636
vt 0.85721396908865943 0.24007823172801857
vt 0.014934661860890409 0.98876640534170057
vt 0.010210979362228173 0.987641211634396
vt 0.35371380320629286 0.66077970903065253
vt 0.4579543121523193 0.1702795875643236
vt 0.59562574194649864 0.39849527090821035
vt 0.33100172865157718 0.65611423338515551
vt 0.19051061315457365 0.30791221319042733
vt 0.87406459494547051 0.25035271943469978
vt 0.61914430543223109 0.19578742955292402
vt 0.31921827866066244 0.70468089718559535
vt 0.49000709473490017 0.38134646307532488
vt 0.30215410382018559 0.69861115520989214
vt 0.21293695815988181 0.2982545686721681
vt 0.035816569887765631 0.98347989204474429
vt 0.25657904813689936 0.31143462099407671
vt 0.15417059591294041 0.21820110433886755
vt 0.14162706185301172 0.29837946961613415
vt 0.74239224296928064 0.24203271319252989
vt 0.51071851040864247 0.38237679694178128
vt 0.89338496542848034 0.25174249934679915
vt 0.60442095861745382 0.20141573931059731
vt 0.50562375097880674 0.39891423393933673
vt 0.2974202405509645 0.64648617834402555
vt 0.26401434737231877 0.71269492342338447
vt 0.52704263151339492 0.39371786442157325
vt 0.28646818152334058 0.70775220376609571
vt 0.16711091210795062 0.17639374175624023
vt 0.40720500469953613 0.66136208334526458
vt 0.24368994098640953 0.72184564388766703
vt 0.52978786737363393 0.38157999713681795
vt 0.77197006664843737 0.22481456772555625
vt 0.90399881370252977 0.35194157805556037
vt 0.21311849772690278 0.6601602905334355
vt 0.18359414912687552 0.72812366421319474
vt 0.87797695465461767 0.35124135299644588
vt 0.93617061407258151 0.37523878744812639
vt 0.2363607531912528 0.30080329496152303
vt 0.18846508680394361 0.31837179192905185
vt 0.66050648287162461 0.37398559494277728
vt 0.54280840847194956 0.38686427243777
vt 0.61292335366695816 0.36402705098281274
vt 0.19248254998415668 0.32375730328961716
vt 0.36570628944091449 0.65468321680746355
vt 0.4048939986544498 0.39398640243701866
vt 0.18163434393370118 0.6675994506672347
vt 0.15724329457763497 0.71207572603257541
vt 0.21022328744488877 0.32832021231940667
vt 0.63384456254297927 0.18536404676052373
vt 0.33409714714427841 0.64838572486275026
vt 0.19131220313181446 0.29736724756741301
vt 0.29728181419306876 0.71073695032931772
vt 0.1791490292460079 0.36126209517892433
vt 0.28731536692359366 0.15749401237102331
vt 0.93918561177842852 0.35233609000887905
vt 0.96304007977203487 0.35347225067381222
vt 0.15209955654766441 0.33907831875078515
vt 0.40215824260537913 0.656209851238022
vt 0.69715171055502467 0.39078612158491699
vt 0.95692450495419767 0.38427092470656093
vt 0.28020925260417506 0.32617137903125337
vt 0.97498366915758994 0.35859034572293474
vt 0.39371822011226126 0.67559359030928479
vt 0.44013499542140755 0.14746376411333698
vt 0.34964558481828578 0.69618682624949135
vt 0.14495236289463456 0.35333709717219092
vt 0.1246178947012863 0.36139128652410268
vt 0.14719479883456019 0.29062465251751807
vt 0.20214617496143719 0.73621046242192567
vt 0.16840474098182079 0.34248206608227227
vt 0.1461880797970237 0.36216017012703416
vt 0.65383319774476545 0.39770848386796864
vt 0.27454957554246989 0.3323834948691845
vt 0.28739307454157209 0.71784471642789516
vt 0.17116216840689455 0.73205454184720564
vt 0.043559973658311872 0.99351513144121939
vt 0.2469430684713933 0.64617445423551623
vt 0.8261838810994182 0.37014297808752772
vt 0.37439788633707638 0.69436337903652012
vt 0.17677467268781072 0.35161003827684278
vt 0.22888128638773594 0.73685712693183125
vt 0.016306933885646722 0.99232460722468807
vt 0.97923848830517712 0.36774093981794764
vt 0.42986032921218043 0.65760238278856775
vt 0.4632949642808829 0.66098981649793487
vt 0.20054862586008326 0.13013317665639199
vt 0.70180830801839333 0.36469077185795079
vt 0.17203898598270573 0.13423653840219582
vt 0.14929135640677371 0.68347293472617943
vt 0.30446551078061235 0.33355493497265687
vt 0.15157265424019625 0.7051262884139986
vt 0.34774719808790888 0.70848788605408897
vt 0.28561115182204511 0.31040865746126978
vt 0.40340459119068561 0.68408229772840701
vt 0.13842470742875693 0.28422415779924876
vt 0.596228850227569 0.18021183181498565
vt 0.43746459637224777 0.68227903651863819
vt 0.25398437850382327 0.73782582181465861
vt 0.32045230098323629 0.71591664479059014
vt 0.22926169659951307 0.33238922218489941
vt 0.26817583647193965 0.64114337223229556
vt 0.43650821189739736 0.65456020623158395
vt 0.47124882344434876 0.65793083800493779
vt 0.15878209717662931 0.67710195849674504
vt 0.39858532139075287 0.63625615144086867
vt 0.38546154956666673 0.70235746988576875
vt 0.80988541014559234 0.3743972349977287
vt 0.18601307851966836 0.30604486149709842
vt 0.21676674454854247 0.74539805855223285
vt 0.26212203836343828 0.73171855493247429
vt 0.37451790963347248 0.63757513572353386
vt 0.19454015437370742 0.29212368504665381
vt 0.25817753703801294 0.29985639506545353
vt 0.81100169473800654 0.36151427581690038
vt 0.16282191509554372 0.73790985537903764
vt 0.22135759814737443 0.28939447959750297
vt 0.27048021025310404 0.73598636800440509
vt 0.29374164687047027 0.72516228582588305
vt 0.31476208645253301 0.33021323695154664
vt 0.14693185991539878 0.6955240962828404
vt 0.47688748156939154 0.65470069115710872
vt 0.18137072409621646 0.74633319215010174
vt 0.41208952458623604 0.64446997042014598
vt 0.30943384426496473 0.72371225824662377
vt 0.33532063813303936 0.72109517938310108
vt 0.975632235812673 0.26286231758908341
vt 0.50240476116238131 0.65972338056130664
vt 0.55189634707356605 0.16905051541811014
vt 0.49570722608799345 0.65618835151299715
vt 0.19667462149828274 0.74769826338096834
vt 0.41618641789873884 0.70583274071864843
vt 0.33209722248456003 0.31735547690256682
vt 0.16989527227038115 0.74625556320832998
vt 0.31124940960366382 0.63219244563152599
vt 0.72181531557370948 0.20223563158315688
vt 0.25171926458900729 0.3411536189137796
vt 0.25248181959654775 0.75161017467583291
vt 0.41401590159514917 0.71567400031167672
vt 0.14376741091751186 0.67722714386866079
vt 0.28022661350555822 0.73495643808110589
vt 0.34630898764195167 0.33202205882361785
vt 0.19305409877909221 0.65734864352192357
vt 0.16882360562307905 0.66539690455086042
vt 0.20613010649890698 0.65069261818048041
vt 0.52774555405703927 0.67574944618723376
vt 0.43813097982131316 0.7058045676112038
vt 0.51381371121005959 0.65645116435655293
vt 0.51116665993317034 0.65275335264252576
vt 0.53375713586207718 0.65942746233480021
vt 0.16021604023494576 0.66933197150930079
vt 0.53463022549545003 0.65577658452992593
vt 0.47849316435196509 0.69582583379099372
vt 0.26605477565309765 0.74835301358428397
vt 0.32419550835952776 0.73171358168687428
vt 0.97431447091590295 0.39008006449141147
vt 0.50319735657404574 0.68773610312700406
vt 0.40559320122431625 0.72128187707868119
vt 0.4705171322837185 0.15110219583852352
vt 0.35393889773020182 0.72913798369442206
vt 0.15049288955431006 0.67607646103425467
vt 0.035181109967727484 0.97898071020039268
vt 0.36681808086139794 0.72026396041339269
vt 0.7695735279627044 0.24595026429304118
vt 0.54991205709738078 0.65868598130177825
vt 0.48236163093016216 0.63887723666745255
vt 0.28639841886021655 0.74975534330445315
vt 0.56830621870711429 0.6588196963692603
vt 0.22323868734224048 0.64332303986780626
vt 0.56918672388718372 0.65487439482995002
vt 0.31252611990437967 0.30556447356414046
vt 0.51063390281643584 0.6386511652487683
vt 0.23594162717901307 0.28405561610231073
vt 0.5683632633936182 0.68140684135705565
vt 0.14851066074710087 0.72608932194106357
vt 0.14060377222806261 0.68761007734166002
vt 0.16111678194087956 0.34079089914860222
vt 0.18668841030739064 0.32418802341897096
vt 0.20754477083372527 0.38445714980186363
vt 0.24551312426515781 0.75852959250916241
vt 0.28120423751339296 0.63226588350731561
vt 0.58593006133523295 0.65899628034358171
vt 0.54440901261374719 0.68875420702228218
vt 0.45048859640585659 0.63311173715916114
vt 0.52997019488828545 0.15362491600113656
vt 0.3605645253575307 0.33834647055179612
vt 0.14002123337780009 0.67965148950807464
vt 0.1484286471113572 0.67048265493845438
vt 0.60234415118248741 0.658670086300288
vt 0.59382875379896061 0.65479059554576113
vt 0.33610065196341793 0.74075804945485557
vt 0.16153946576772182 0.75649364948556053
vt 0.37808932210422724 0.73294146453843256
vt 0.18343928793674691 0.30954737792366105
vt 0.55385131326871351 0.64597898366658402
vt 0.5259845162727752 0.64195051950341431
vt 0.3966967948998763 0.73273902840049565
vt 0.61934184339833809 0.67431307828015141
vt 0.62810172757545124 0.65813947589776234
vt 0.19204404470726202 0.27875532547521509
vt 0.61898860095565111 0.65410475000795476
vt 0.61386640805131143 0.6417905073582082
vt 0.29873203129940396 0.75312754230519363
vt 0.31650646375585673 0.7449187500513148
vt 0.13689575059343304 0.71691577072395385
vt 0.18275508959513515 0.29592017419417327
vt 0.50290695091491999 0.7139300761193732
vt 0.36852911748117317 0.37481148786012325
vt 0.16881299155416638 0.77065300338356901
vt 0.37559744036032633 0.63304688621759808
vt 0.4644668771404355 0.7226921062411793
vt 0.44702493466532323 0.72772452665566756
vt 0.27379204373363131 0.34101280757454333
vt 0.27046319185999501 0.28982729599688334
vt 0.19518000890425374 0.77685648834704679
vt 0.18954105167304452 0.29193133634363394
vt 0.20423372852052837 0.77443684200238216
vt 0.30358851690905342 0.3422167426962337
vt 0.57616455313996184 0.64136255526119235
vt 0.14437210447578094 0.73509019623044713
vt 0.66290118505505258 0.6581714265060421
vt 0.38669680131494488 0.32203020854858255
vt 0.64666634071481477 0.65436817202123576
vt 0.18143062009967681 0.31760125836796504
vt 0.6501071032233271 0.68017231052393934
vt 0.66242628724569919 0.65587605607612887
vt 0.21097139055004591 0.33504366073610364
vt 0.37251498583316461 0.74451387832083793
vt 0.32030693726638809 0.75389976270969172
vt 0.10126830372180604 0.27276205114373153
vt 0.20996406997347564 0.27508506063204097
vt 0.17934435368294568 0.65429642365872487
vt 0.027625237067814404 0.9702312061408136
vt 0.41605256893664444 0.74834838288196792
vt 0.34003418082961001 0.62091288702936087
vt 0.30567773277595922 0.29465514007222099
vt 0.3969517034592992 0.33548014774079038
vt 0.68870009355159312 0.65771580114718753
vt 0.24682851020231283 0.27737574619198258
vt 0.68077419338471878 0.674134912705872
vt 0.68694394455232721 0.65197411700698549
vt 0.22973979421035901 0.63012989643064177
vt 0.238006557202467 0.77947018194993856
vt 0.10435272665901411 0.24754393845518136
vt 0.25053079768069397 0.77822942705898024
vt 0.21226031125000461 0.7759368288201719
vt 0.19809913480689501 0.64044879818144784
vt 0.29448947431560757 0.77169779259481941
vt 0.59805417239118885 0.6320590479532785
vt 0.59823429819106522 0.70745511280490381
vt 0.35212326176142539 0.75893325903970699
vt 0.66121029505337603 0.69048275269171155
vt 0.29118187404815421 0.77895978221496587
vt 0.30842034147308328 0.11004429004433895
vt 0.39775445756134742 0.75019905747657611
vt 0.72888987001197025 0.65789954772905335
vt 0.71631610719394956 0.65390197869766542
vt 0.47813916928549482 0.7414375197921852
vt 0.52056363387438198 0.72346519404691201
vt 0.39565409494542375 0.40251472229920632
vt 0.31602734957382572 0.76419078219120296
vt 0.67703438110425074 0.18160628169378928
vt 0.25508567933673482 0.77921229306257822
vt 0.29886325492797078 0.28231439624715315
vt 0.18484069668592851 0.78015266870180078
vt 0.72010419252072622 0.68269943722009618
vt 0.38391569368450035 0.76802796377929461
vt 0.69102453620649906 0.64081358464958471
vt 0.19940644094800816 0.16159811739647947
vt 0.6680877322959099 0.6364045167200395
vt 0.13498629753173169 0.70163506303747492
vt 0.18364836602879131 0.64454278975892954
vt 0.44119912148719276 0.33629667547854292
vt 0.36162974403043679 0.30675264222738291
vt 0.75603208761895113 0.65756440436558838
vt 0.35963797643515072 0.35775549091019337
vt 0.33503313122406908 0.29084344865690881
vt 0.35027091971060054 0.77348726163551618
vt 0.19626003188493565 0.33391029220455043
vt 0.39769888461338065 0.30976753992827105
vt 0.64898253928649652 0.63358145228441876
vt 0.025651057183795893 0.94663760387597362
vt 0.29711567208392958 0.77665081475564923
vt 0.25203195120875405 0.62418873545813158
vt 0.42332647162434367 0.34261006318556975
vt 0.4573624749866409 0.76308266062842267
vt 0.39491439535988576 0.62742665654407825
vt 0.97477033814046044 0.31054374023178188
vt 0.1593109755967638 0.77338085910857302
vt 0.16411822752654692 0.65658286668561661
vt 0.53944418398914062 0.63285084077396947
vt 0.1377983613048995 0.66817749297241547
vt 0.97719704085242809 0.31102467195401307
vt 0.32210712633233363 0.34895168961688572
vt 0.32154275940950494 0.78434423017463617
vt 0.76950783701086134 0.65147458455136453
vt 0.7901487433171891 0.66026322445753882
vt 0.8005977291202151 0.65567191895116683
vt 0.16854571770940396 0.78409038371787088
vt 0.41417520693708493 0.75698096286780037
vt 0.45115242054348004 0.3242260821321396
vt 0.44322145101744242 0.34065241732067386
vt 0.21169599635197769 0.79030800288025427
vt 0.42363251746146197 0.62289522942463993
vt 0.20682771054613017 0.63185027318814524
vt 0.57259150625019295 0.74600606891820487
vt 0.15982011938643143 0.37604809135996331
vt 0.55426318095593186 0.39920957305621052
vt 0.14464964594414501 0.66102696798935501
vt 0.53981729524482736 0.74477897151027284
vt 0.15927711963162883 0.78627603856756101
vt 0.27143125113205879 0.78390208510992498
vt 0.50183965058943092 0.76097251014858946
vt 0.15012227624408733 0.13659325941402256
vt 0.22733710211325042 0.78626711667417615
vt 0.75525564382696064 0.68214204034185344
vt 0.25102737299773958 0.10181269649356429
vt 0.18406175151466694 0.27366537170840083
vt 0.17479115224533215 0.17013729516279363
vt 0.43072280622010667 0.31126414627998689
vt 0.81503558858532488 0.66011857547035269
vt 0.26994469343873173 0.26761311540056404
vt 0.78409288994728044 0.64848865985523507
vt 0.17739721554094479 0.29623346167041892
vt 0.4168133869192463 0.77236449349748348
vt 0.31665247952500297 0.78206289934317208
vt 0.36748461150339268 0.29288657485875175
vt 0.19108474464727154 0.26328754808301114
vt 0.14424263292817591 0.75818397225109779
vt 0.81577912110981832 0.67940496669113448
vt 0.82999533759336275 0.65801687995274605
vt 0.81412046232659363 0.65294516669560343
vt 0.1809232431160491 0.31209285638870704
vt 0.69723853277074443 0.71453578692263875
vt 0.66315472906692818 0.72304471575408591
vt 0.24962834120537361 0.7992648298459909
vt 0.62337076171669181 0.7316058617737109
vt 0.2322519315485056 0.26389893324748875
vt 0.7444048605357223 0.7053030243751639
vt 0.17767545320145883 0.3289006174837682
vt 0.85745722220125564 0.65851277775413064
vt 0.23241940809463477 0.34453168283058017
vt 0.85000933544124646 0.22438608066803703
vt 0.29861556363860875 0.79929899516539993
vt 0.46923828377672394 0.40088026401420762
vt 0.14196716943518023 0.77071124833896443
vt 0.64973253685406129 0.17250607266746568
vt 0.46298102358190957 0.62470543824246172
vt 0.12611109231330664 0.73797426210557671
vt 0.14885871658972194 0.65412324489745244
vt 0.85808675658237743 0.65277684411785042
vt 0.74791190341396452 0.63470419019401747
vt 0.13411792638845629 0.66190009659312965
vt 0.48349911247012761 0.32277252835221182
vt 0.16686603903972416 0.81326553817392344
vt 0.49385676865105282 0.338893891034798
vt 0.180121396856324 0.8061617449657803
vt 0.29533828055904771 0.61749529155992622
vt 0.29975947580499773 0.34479130851715628
vt 0.14784893583721351 0.15931215855591849
vt 0.885788987310553 0.66003710623019984
vt 0.8102994814880452 0.64294919018522778
vt 0.78568281421854969 0.64490624246245276
vt 0.12528120070607562 0.68649540176742307
vt 0.17588348067386536 0.29997543126123344
vt 0.19742250691276447 0.80835110647707964
vt 0.27465975167688617 0.80086708759700675
vt 0.77891983423289612 0.70389696055743123
vt 0.87332379774529856 0.22826277174151352
vt 0.84741986675752878 0.68400920965710621
vt 0.31733961583907422 0.61563676776588128
vt 0.29576395079151457 0.79907012015844836
vt 0.27219826357604471 0.61575556055054115
vt 0.25237932969195509 0.81864465879619597
vt 0.13083432845913712 0.67129016849351342
vt 0.0038159585949060497 0.9587752008933933
vt 0.9002880159005846 0.65798212106155018
vt 0.88050059484252774 0.68210356304300879
vt 0.76502373214753383 0.19831988644361642
vt 0.39734859410467033 0.35425391812906776
vt 0.17631420781153392 0.31872696213240409
vt 0.39336747674152123 0.78547842560535652
vt 0.11759112513804629 0.18170143818807638
vt 0.57881809870921908 0.40483916446785251
vt 0.52693681352076605 0.61807332357332789
vt 0.51135687785145023 0.62242772381059464
vt 0.68695528659603888 0.23738308350801196
vt 0.36359311449861831 0.79100621436694873
vt 0.68824449073576077 0.62889302244630962
vt 0.55615889788987494 0.6271988231820278
vt 0.50554142984528161 0.34459090832076689
vt 0.1591347594487191 0.13341249743466349
vt 0.33956161409145252 0.79558647216931166
vt 0.91713080276070724 0.65354619495808963
vt 0.655659042624538 0.744492443267607
vt 0.6379992402471083 0.74493416616939989
vt 0.22918845340481783 0.81463268011643519
vt 0.62774752985990323 0.62782583986972673
vt 0.24938062724080115 0.35563772755165812
vt 0.11639902314525517 0.22379086529156864
vt 0.42088217934966199 0.2975073104287585
vt 0.94600286319537152 0.65898775434690215
vt 0.17086283612387301 0.31202224212143798
vt 0.21201000233896397 0.25472557760910713
vt 0.66588543340989814 0.22712598410830701
vt 0.16362482523597666 0.639285612750634
vt 0.48172325189107273 0.34756624497126259
vt 0.43164389152996396 0.78761351353262143
vt 0.85798964558283475 0.69591387670803206
vt 0.93890146646478079 0.67982321446167326
vt 0.14012828857729823 0.77699915629720739
vt 0.5993134387402721 0.16734242576702077
vt 0.84433963814440649 0.64655833503401339
vt 0.15909097375367898 0.32949709361009261
vt 0.43972479681596122 0.62457990794787044
vt 0.3315898235270972 0.26599089994416403
vt 0.69916727777708254 0.7417869325887716
vt 0.18313686290236164 0.33146260678253792
vt 0.56673692049609303 0.19945712234652868
vt 0.0071973749876907463 0.9078306129635666
vt 0.47240541823645255 0.30618032616908636
vt 0.51285523381096332 0.32307306942239961
vt 0.58712355696179364 0.76703562598569319
vt 0.28081452909013727 0.10792022867325968
vt 0.23796146289672218 0.61635517406753126
vt 0.11858382235312337 0.67240637441030948
vt 0.8292069479453511 0.71752031400532212
vt 0.39275439225711206 0.28005258852992543
vt 0.4967767005511865 0.60993550806952967
vt 0.54868278797626924 0.34022384614261791
vt 0.52809582816291978 0.76880024542260372
vt 0.34179755759437058 0.11253619681857487
vt 0.34957067064858055 0.41199657483766938
vt 0.11412963059596194 0.70504065829342633
vt 0.95210498195385651 0.65323985021380548
vt 0.95875267798910724 0.66333677698499094
vt 0.22742832962712906 0.17118681329310337
vt 0.80502554756450972 0.20077525924116127
vt 0.43151525708189042 0.41601841850676291
vt 0.30189248729449081 0.25732599827061781
vt 0.21441632540602726 0.099441477261850403
vt 0.71659796659054675 0.74114696629879062
vt 0.96208888022301897 0.65739715816820243
vt 0.87970364079753094 0.64091035970726007
vt 0.38755729886845458 0.11478120190883026
vt 0.12622474662053515 0.36708044993169975
vt 0.96552224668837083 0.65524183523302204
vt 0.56063172799128624 0.77203488471551629
vt 0.20873400298252476 0.61723811690302044
vt 0.4728452032858092 0.79137996496878649
vt 0.36637975999497835 0.26892698574846496
vt 0.28362750874758991 0.35199952662297401
vt 0.72289069551403962 0.63208139232720895
vt 0.54413974881295402 0.34472426963534608
vt 0.7731334841800499 0.7355252505184422
vt 0.18013345944264769 0.26152578942855542
vt 0.96717614296546039 0.65918653131852933
vt 0.9671866273540124 0.66686485041504517
vt 0.17172005080845373 0.27892026054977759
vt 0.18138280603520557 0.62678385356297939
vt 0.1891147843116418 0.82394325904018706
vt 0.4152717460000383 0.61951517031361036
vt 0.10854720112066234 0.26051150812795432
vt 0.24562528825756735 0.24345195825906213
vt 0.1109910943389794 0.71944098029021375
vt 0.50956152274623223 0.78330821099001502
vt 0.6341180998701893 0.76747174971664189
vt 0.68297889212789176 0.74947370962447624
vt 0.89456520148657215 0.71071807862856695
vt 0.15881317425319311 0.81630474500842121
vt 0.87430170101996074 0.7226400471318577
vt 0.10945183396819928 0.34273763161223753
vt 0.81176668008994035 0.39506075077402114
vt 0.4278126803111571 0.80799131483846087
vt 0.11204226795175747 0.36335256406722471
vt 0.38254935026399417 0.16661610045283345
vt 0.56000168253186633 0.15789024734770638
vt 0.50795566456755981 0.13723025846302556
vt 0.5931859343395558 0.15784471451292661
vt 0.56288389421617591 0.32604200568480224
vt 0.96153100651867018 0.68697314810796195
vt 0.53708640224574433 0.40336376569641302
vt 0.50416243956736484 0.37023912637067569
vt 0.92728171336637266 0.64523300497074532
vt 0.20995032741246014 0.34366911740103007
vt 0.92245175287711056 0.7069111841616238
vt 0.97078181063222868 0.65284943004379037
vt 0.21146492902216579 0.83314693629912961
vt 0.16850115380111388 0.32693813458127363
vt 0.3794451782211869 0.82517946270077047
vt 0.2339854495284785 0.83708161778832224
vt 0.80341716642056593 0.74496733263897763
vt 0.25234600000000001 0.61167499999999997
vt 0.62658759712968781 0.21170194637513212
vt 0.18951940451054047 0.1085297427217423
vt 0.14835077530154039 0.6459248941340634
vt 0.11952572177940181 0.76293374629423139
vt 0.44889586014201205 0.61412171992012177
vt 0.012100350144459239 0.027667988706290614
vt 0.013830119063548441 0.029928870435741099
vt 0.96637137736236345 0.64669393909303829
vt 0.2907472113822635 0.83705439483423172
vt 0.31199965270240215 0.82753038656356581
vt 0.37800427448742979 0.60997498739826983
vt 0.49248480406469042 0.36130301354547273
vt 0.78204377669076997 0.61518517506849624
vt 0.62177836669563824 0.17070447003033681
vt 0.27186398983781268 0.84674864023964602
vt 0.93120096163455746 0.39093011054112686
vt 0.30633705618311724 0.36028109949582998
vt 0.12204400028759628 0.20772355872392745
vt 0.43425239596867093 0.28730877598492899
vt 0.35626481066421034 0.82099579793626198
vt 0.74543410540558097 0.63003659580004578
vt 0.83168532112035276 0.63442848532142115
vt 0.46662196515373472 0.61472840627751602
vt 0.4108245031293547 0.82091825171830157
vt 0.78484670424338854 0.40027149842501492
vt 0.16714865292947176 0.1084123085442328
vt 0.29030138063369498 0.60840023966654988
vt 0.0085284962923613452 0.042794545073900556
vt 0.96812464299177736 0.69437668837776001
vt 0.13736412523743186 0.8072689826907844
vt 0.71709073522542088 0.17905029671901351
vt 0.45641379661790649 0.18063058185775061
vt 0.67627076836679867 0.76724379054132474
vt 0.50837667959963162 0.30607564151860472
vt 0.56417442594137257 0.78849613572621979
vt 0.58635597936825889 0.78162488679741671
vt 0.51882464174592025 0.8003651161901737
vt 0.21411867282819347 0.58979805940187646
vt 0.22434730987339641 0.58267735961546796
vt 0.58489838116064052 0.34099946611709653
vt 0.44262889669938854 0.36071572112504136
vt 0.69780678650970995 0.61920772182206651
vt 0.97320665346353141 0.68015572944816372
vt 0.91099707111846162 0.23026622338497643
vt 0.27103305403461619 0.24399009126387447
vt 0.90565882044168089 0.64037213987140329
vt 0.97089937144361416 0.64050670395866183
vt 0.015717008719418141 0.025770681374371662
vt 0.034772270227256118 0.99529489961856932
vt 0.54676558777757123 0.61724430991374912
vt 0.34596923212416164 0.60732405559919822
vt 0.1600063532205685 0.30234698741742283
vt 0.27445860838920655 0.61018547091950126
vt 0.66678154430606096 0.62424665286645564
vt 0.20274556616288095 0.60678615010630843
vt 0.21891099999999999 0.60043299999999999
vt 0.9394140151190703 0.2317463811392938
vt 0.22339400000000001 0.59281799999999996
vt 0.9729701166488941 0.65740871355548958
vt 0.16668486641488672 0.83890407400671119
vt 0.21926000000000001 0.60838899999999996
vt 0.33703121568132394 0.8278072310754272
vt 0.44909150194483516 0.81002147041165218
vt 0.82705904406980868 0.74760260643571708
vt 0.1078827957795403 0.68902046181630716
vt 0.8640340134390877 0.7411648884629557
vt 0.18368626953361089 0.84919851627119036
vt 0.10649911465698433 0.31194933162733607
vt 0.20213809486591749 0.24093210977845958
vt 0.18419285265244706 0.24320032361140029
vt 0.60622620833713747 0.32768080139323369
vt 0.57890039881746524 0.34633969190427083
vt 0.11861046079928916 0.65709273826311965
vt 0.80625841464891645 0.62834915023503024
vt 0.236847 0.61007500000000003
vt 0.16083667961519221 0.31917025296267609
vt 0.18001884819769681 0.84500963299388743
vt 0.15853510683255301 0.83596482957761586
vt 0.74571770001303395 0.77615958258458195
vt 0.5355878261940259 0.30456522445101625
vt 0.19005126386103161 0.34290862452538357
vt 0.84881683803118757 0.6288378800187322
vt 0.25198357090258694 0.85433175465745637
vt 0.29683320215339382 0.84071301785330133
vt 0.45985636838467842 0.28360732800258331
vt 0.004974715314838553 0.043047460768585469
vt 0.93975171468641039 0.6361473604686434
vt 0.20976170419383799 0.85340734434441945
vt 0.2255747457886437 0.57482215479875265
vt 0.31143781379670243 0.603644056378561
vt 0.41774882112709388 0.60977736777049674
vt 0.16744150857709938 0.2782492478243076
vt 0.87032378467897487 0.6270510306681194
vt 0.3045351679469121 0.24144455113354665
vt 0.88462604146709478 0.73956310511085466
vt 0.61540987495190713 0.40065217473092513
vt 0.63994602111723042 0.61622168742747518
vt 0.23856810372450193 0.84919283597877038
vt 0.64289291773545532 0.78547221771357845
vt 0.10107904880426255 0.66638248870044958
vt 0.62523329238205005 0.3414359367022598
vt 0.40608206554766718 0.26435742362884507
vt 0.95584799871950721 0.71123956270174182
vt 0.026147885602605597 0.035321626898856193
vt 0.5938444582692628 0.61338055665994518
vt 0.57390724016796135 0.31525219565221613
vt 0.70987981812417755 0.78775912414988014
vt 0.10180623395421004 0.7405410568758134
vt 0.68187176671898331 0.62607850670009402
vt 0.97428464572870588 0.64131594495319522
vt 0.1794868782382727 0.61111295403311283
vt 0.55375304976731821 0.35820705197064945
vt 0.10790430464037078 0.66075002253700155
vt 0.5221667547374903 0.35732835262779078
vt 0.47989859919675759 0.81961566023464794
vt 0.086373386713951047 0.29581901856275739
vt 0.91301003683940385 0.73884015583304496
vt 0.32390367440958578 0.36309843146035969
vt 0.14127273433807849 0.82641220627189371
vt 0.43575870511139353 0.60239908253986107
vt 0.59147026274252079 0.81673419357228061
vt 0.61598539679078279 0.34693760102835969
vt 0.56938521654462315 0.80655429437093651
vt 0.62388342216732584 0.80317804148579197
vt 0.75088240538865014 0.61346273811201013
vt 0.11344337229613286 0.77687873106470262
vt 0.11695357672275816 0.65180878040147294
vt 0.008808261556480259 0.057999422731474251
vt 0.71878816912328813 0.61959098239004162
vt 0.30655781099988749 0.59935983801100834
vt 0.55874620919657958 0.30522733065833307
vt 0.9653794110593521 0.63574824378461758
vt 0.59497087889306932 0.41140758905745312
vt 0.50503667425318788 0.28566952575925714
vt 0.50865647197399755 0.20517412795171841
vt 0.27767472736014431 0.8538153135028872
vt 0.51693996036145007 0.82132401853535741
vt 0.022948883090758775 0.022040154021731449
vt 0.36563324589873164 0.24846139505298268
vt 0.66759968695867056 0.80068135947524699
vt 0.6276216681884228 0.32367999927916052
vt 0.31887166822532509 0.85881030919444323
vt 0.39007450586078202 0.83907590445129698
vt 0.85798011927842543 0.39246348201550868
vt 0.34790016890050035 0.85292509522535209
vt 0.66186609623376325 0.34415192961877394
vt 0.40745964802492135 0.8427161415256057
vt 0.12730444831139034 0.64177263685480523
vt 0.21946652042251305 0.23069960843699619
vt 0.21910437173742695 0.56336871538979727
vt 0.030499284991697587 0.020573809389417538
vt 0.88818906734506331 0.62399500665248475
vt 0.16567481561539707 0.88422547001241147
vt 0.78903623455007021 0.78123330467525753
vt 0.37798519062681374 0.84848159986660754
vt 0.60611883059929539 0.81617992801859096
vt 0.1453882899129334 0.62949224075181531
vt 0.43989004048227398 0.85246325090405572
vt 0.47919024204458027 0.60277505915862784
vt 0.54735255768486768 0.29374353115418761
vt 0.54604855482538506 0.60271986488887286
vt 0.2042458450361494 0.57678819693420114
vt 0.39486584365139854 0.59694194166487335
vt 0.53119501525302304 0.1409150776259411
vt 0.1574961117022361 0.87951695768823679
vt 0.11334242118183871 0.17084781111298558
vt 0.55947820296880002 0.13747909891394555
vt 0.91797426811093674 0.62791856297182613
vt 0.97675997030120609 0.70580784409779651
vt 0.0055957074578231684 0.06548324951932491
vt 0.54604353825422358 0.82134500897948381
vt 0.49471319635097338 0.82847461275138068
vt 0.67658743501436591 0.61754038902811126
vt 0.25228371716519371 0.15940239534485506
vt 0.87842676096647643 0.74394991310818326
vt 0.33491456616440329 0.24568556760037671
vt 0.32357736216167826 0.59338248512067804
vt 0.60265156380169682 0.31356838553771049
vt 0.11348058913309146 0.79301388199477452
vt 0.96793550888535851 0.72041076348886701
vt 0.81866011870167332 0.77568799850637515
vt 0.18492499774391055 0.59967506215633293
vt 0.165608190721757 0.61916304111648812
vt 0.2763829057678554 0.87210763370283939
vt 0.51617730300646325 0.59912539642442575
vt 0.53769182915451963 0.82364447233241322
vt 0.26796061808179295 0.40523423968678163
vt 0.093520713296189537 0.68007171456338822
vt 0.93923641816474801 0.74187564153778796
vt 0.65847017230068472 0.6087003276785572
vt 0.46251393555680187 0.5949428237914286
vt 0.82959040220805658 0.61483212122833053
vt 0.88292073106606628 0.76159439499902404
vt 0.27140704084143469 0.87352448649209491
vt 0.2139111578777643 0.88827662566381138
vt 0.95888797814337279 0.7425696231426584
vt 0.087347978777028629 0.69838816937285797
vt 0.17581122510273423 0.23902331322209666
vt 0.57178868949368555 0.82438540371553026
vt 0.18250975556037166 0.87994948559159902
vt 0.45965276127709481 0.85496922469679715
vt 0.78605880215523416 0.19663364008917905
vt 0.16661626684777064 0.26063917496359568
vt 0.42319168297187498 0.59017643618960913
vt 0.11633050138243781 0.80355853972700708
vt 0.085981211436772703 0.65863643461147359
vt 0.86215882064691907 0.76542724461947453
vt 0.90782071485061255 0.76581082583501536
vt 0.43661758037711201 0.11550013588951162
vt 0.14541512299592596 0.60979401470605243
vt 0.2328334957213796 0.87866684308528975
vt 0.68218057496232298 0.32880840354006841
vt 0.2708736359199877 0.89113138592377628
vt 0.6402751551614132 0.82219948613632532
vt 0.33809694513337352 0.58940905161198587
vt 0.77010563996608938 0.79209727019900511
vt 0.80936986786835985 0.60841411518269828
vt 0.68828749487476337 0.80782820063500815
vt 0.72042943024177675 0.81436565938701344
vt 0.87508555047944736 0.76722197454157104
vt 0.35333956485594481 0.88039952081001016
vt 0.35973762252762148 0.58721143387991015
vt 0.62455382326905995 0.15848198166390448
vt 0.1795981540416339 0.58887693795073615
vt 0.065902244181771708 0.98171894347948596
vt 0.11122455460355032 0.65160201807140439
vt 0.0034989669907795188 0.90307925553545598
vt 0.010509554864937603 0.07584329083849084
vt 0.47544097204574304 0.85058355895615745
vt 0.73914574272746614 0.7972635762800262
vt 0.19682603325879899 0.88998084636375951
vt 0.61908330405822376 0.8211503477907669
vt 0.50006496082260843 0.85557092893880493
vt 0.66622199338570942 0.34834189280791661
vt 0.97562585758135056 0.6189603746750858
vt 0.045384485963827208 0.01796888400906203
vt 0.58764282368191945 0.30134401482190742
vt 0.64358100184550315 0.60448693489350402
vt 0.14583415529846755 0.1380611484594278
vt 0.15775232526848279 0.21492753927456884
vt 0.25091585394643812 0.88991424836161759
vt 0.51890882692653972 0.84940699872598302
vt 0.61586069378996311 0.59242313173353722
vt 0.64612012743747449 0.30973405710090229
vt 0.96917105445050566 0.74200871385316969
vt 0.021345758916993345 0.0706392088645421
vt 0.39608704727418259 0.86346941028359292
vt 0.49218619355362353 0.41936267692494944
vt 0.70257243130692815 0.34313779527151034
vt 0.37220480921091287 0.58661548922729512
vt 0.38169039834593832 0.87523039295799243
vt 0.14184676031231866 0.88401526124582619
vt 0.086061942640022898 0.71825440125131157
vt 0.26880015998337708 0.36140831518020633
vt 0.42884775799429953 0.8659213705815606
vt 0.3777037548804249 0.2411428809944135
vt 0.54537527559552823 0.8429569891576697
vt 0.8728101522954802 0.77325419157525421
vt 0.94108513017710305 0.62220980533575054
vt 0.97228706884026406 0.62135727537067131
vt 0.21162889051034733 0.55179738316629068
vt 0.83669831849734777 0.7890994042869659
vt 0.68086851139039506 0.60098038691275546
vt 0.099288287906572209 0.77038546949218589
vt 0.66771517810000791 0.31770747673687444
vt 0.61464758020865884 0.82973685045907597
vt 0.98000662218583845 0.25359302067471667
vt 0.9426862315179525 0.76064463662022419
vt 0.50038690259998608 0.26883583898519198
vt 0.62132709212063164 0.30005465973757034
vt 0.12307004407362372 0.82243348467854549
vt 0.40998758869315777 0.87553390612010906
vt 0.6573461764395635 0.82937053321933429
vt 0.72554657163525205 0.60225175537857667
vt 0.57910661825398657 0.28066307622713293
vt 0.45724199921787495 0.24782791280300667
vt 0.063511250817183965 0.9868768424927794
vt 0.83315370154558233 0.19576965457902754
vt 0.068021003924631909 0.99418376868440839
vt 0.56900401451268356 0.84020196998372154
vt 0.74502513817583349 0.81419464777846762
vt 0.31930563988541993 0.59050470514511066
vt 0.032862676968179419 0.052823627777777091
vt 0.87917065246907711 0.61466704607011102
vt 0.68537039091586172 0.17427191208040665
vt 0.58934806934672035 0.59669474033624625
vt 0.0070801660959833789 0.088852203559445841
vt 0.26010123461806833 0.22521848957816662
vt 0.18254912503615806 0.9142968239518714
vt 0.15837363864987122 0.093052923727625178
vt 0.58405391817644936 0.21435804441359518
vt 0.07977209100512371 0.74001219666745022
vt 0.91458572367887925 0.61882546116785553
vt 0.78481735862185742 0.80989130082516292
vt 0.56075461047948905 0.60041222796940819
vt 0.16309404877545242 0.6005735886945851
vt 0.73124921271914034 0.34922624907210781
vt 0.28901764693047721 0.89964323065055851
vt 0.44690154421971645 0.86558639882136035
vt 0.021592084806202484 0.084939161830782303
vt 0.18673487336775135 0.57237432141946742
vt 0.64427757027399213 0.1589741755027701
vt 0.23021979809126425 0.89920919505246577
vt 0.75218088481366485 0.40691752645190937
vt 0.35206545733629446 0.5829431689935034
vt 0.77003281340669461 0.80993397360381891
vt 0.43153702694174301 0.25032046505405947
vt 0.96105940895536723 0.61450037740056596
vt 0.20359143413547443 0.21282788514198067
vt 0.54220301244921632 0.26785941166737165
vt 0.34041780575267394 0.23634815029938075
vt 0.59481659155018951 0.845879609805962
vt 0.31214987809986466 0.91386546676018932
vt 0.85512403605105813 0.27775762130717274
vt 0.12275623861329761 0.84189179248743462
vt 0.040646537945546082 0.03626819692132334
vt 0.078549679145905354 0.67432647160177472
vt 0.19975521132364704 0.55350728164920537
vt 0.54000167030248414 0.36220414771934817
vt 0.97755899182803874 0.62152510291050334
vt 0.88109425817983644 0.8070374995232994
vt 0.46879794028747224 0.87766757328706346
vt 0.24600829171101826 0.90723328624372179
vt 0.1342085006859621 0.37740276821673169
vt 0.63599401576394532 0.22125075871146152
vt 0.41986336724012335 0.88051411101989008
vt 0.71835559599889709 0.330596607376623
vt 0.96592445512307035 0.77083571765336989
vt 0.28871767943073767 0.37025803966116128
vt 0.0097829629053255429 0.11018006057979211
vt 0.22241144470480911 0.90498559337341655
vt 0.73459933953104972 0.34350065983013706
vt 0.97696967041057237 0.40751877923924351
vt 0.34871421520894536 0.90195293871597881
vt 0.62506619281902298 0.85536397573773537
vt 0.70295226295340718 0.3504071666207868
vt 0.37886438085881696 0.89578785893771906
vt 0.20472720094308222 0.91591889210254951
vt 0.21113208392343719 0.90893002472746187
vt 0.22913249757042994 0.21295895557372826
vt 0.44056332046797625 0.87953807019914887
vt 0.49793524171081111 0.8745171739555111
vt 0.9670910093639723 0.6256165276093747
vt 0.55151537059642497 0.85921732893954106
vt 0.22167459164007339 0.35322062131729526
vt 0.084753021104412296 0.65141279878889446
vt 0.51435895985692759 0.87520422727444391
vt 0.81154203231915611 0.82206813707921822
vt 0.33557124963024049 0.5847913898997088
vt 0.28954134437000861 0.21710944059744719
vt 0.10074591287194354 0.6271152530370292
vt 0.40921636413635448 0.24077190258661649
vt 0.045985279482367511 0.019286952878180857
vt 0.122888933882344 0.8536805095359562
vt 0.17978165555241996 0.21698058707777468
vt 0.85147971109325882 0.60115283365724193
vt 0.48624405146937244 0.58430773717965667
vt 0.090696323800082024 0.28939807394966349
vt 0.65074477358763183 0.85021315618439297
vt 0.52158656981684715 0.87409129816586495
vt 0.40801667097458538 0.88981075692514189
vt 0.43279860169442086 0.89931803170822522
vt 0.091443437306611183 0.32155022115379867
vt 0.0036306824741542841 0.11139971972089824
vt 0.97017110011938235 0.76304383410339516
vt 0.86615855426670074 0.6041860660350733
vt 0.97862285888060474 0.73070762951429347
vt 0.23794654256247044 0.9095833150435354
vt 0.69142290735147383 0.83856736956412437
vt 0.20873784194023265 0.53797145871891205
vt 0.5240170554916298 0.58710647977787278
vt 0.28330775376911604 0.90817357281715472
vt 0.90606089690159364 0.79946627591893205
vt 0.48069556431164928 0.88488516027308584
vt 0.93620707577371487 0.79393952812982349
vt 0.24878822913054424 0.91785947131957502
vt 0.77090309780805899 0.8234003292536104
vt 0.75106129715623871 0.17261054198447259
vt 0.078303103572489735 0.65977291693161888
vt 0.089383577355210367 0.82193082249388727
vt 0.37964684233297286 0.57934962845791427
vt 0.20145532555854048 0.53889541147034659
vt 0.5923914757311336 0.86632701694830394
vt 0.6632795175238454 0.30428077454972086
vt 0.70965942124966919 0.8415727750901757
vt 0.16144564314359983 0.57676130802959058
vt 0.97542357275916969 0.75194583096713907
vt 0.94639513854631008 0.6137768871771615
vt 0.75424011915706091 0.33115632439856463
vt 0.16615321617136683 0.92671387113258641
vt 0.44587624601710069 0.89330357264133164
vt 0.32152581175058181 0.2252960567189348
vt 0.47448768862036989 0.89928150478957869
vt 0.30715951362213501 0.91935439929066365
vt 0.61245737339392692 0.8586739956400582
vt 0.78438383747462492 0.34449397086294448
vt 0.35408840357907334 0.16952497635705152
vt 0.45657817805315098 0.41809293101322648
vt 0.27162554297530972 0.91757406189927715
vt 0.6641684284580941 0.1594960515775117
vt 0.63815926759327968 0.58474954765630505
vt 0.70664798230057824 0.59422165489168088
vt 0.59829795028425348 0.27906167323774972
vt 0.75214541594981466 0.84481713812930703
vt 0.56764031995302699 0.87484132836930817
vt 0.40135019180213938 0.89798885583201304
vt 0.75884221449094569 0.82911534766177641
vt 0.73645819032627824 0.58969658054185947
vt 0.9546763142196546 0.78739525561032475
vt 0.15693703452984706 0.93674507172569821
vt 0.019229977525035191 0.90433936919078473
vt 0.092294763286478523 0.63691921772209603
vt 0.063272036959605593 0.71286875929324323
vt 0.14609988747701122 0.27403860239100258
vt 0.70550780514277922 0.30897257515629706
vt 0.21382973474415076 0.92571357934414311
vt 0.89883652878449838 0.60957775886581511
vt 0.091822106637168735 0.79454811204122799
vt 0.86297435675897793 0.19776653852905088
vt 0.68018123827934873 0.86135196994047381
vt 0.84590023717974783 0.83568526797606202
vt 0.098120381786625077 0.23395162746206741
vt 0.72954548443103184 0.84563265075410265
vt 0.090676456930797733 0.63934491800607329
vt 0.12202402874538334 0.87251955056631636
vt 0.78580423230637508 0.35017691080169061
vt 0.091637062326508145 0.78283362468519491
vt 0.20293606706024742 0.92776063423957211
vt 0.48161023721170437 0.57497832178166253
vt 0.41191846849600944 0.41439765620399865
vt 0.69446458337234562 0.15892722625597311
vt 0.23974837255041789 0.08401329405655833
vt 0.89066859256043052 0.20036668553244719
vt 0.013409519880340151 0.13310762939645646
vt 0.63870169149562495 0.87305732961502736
vt 0.40649006485136285 0.57627380569694941
vt 0.60553279959760864 0.87959703476531415
vt 0.20946177013078046 0.52357746759342239
vt 0.47890627544551917 0.5723711729174481
vt 0.24137858026073292 0.92756600125012156
vt 0.36888562402946645 0.91827782175524553
vt 0.97073167738982935 0.78157034844682949
vt 0.0076307631807403025 0.13836088460982096
vt 0.78814734901564742 0.18471173445326405
vt 0.14816252357918519 0.10907756638763533
vt 0.41706384061711238 0.90258310405883702
vt 0.7732701450584466 0.84036382966972978
vt 0.070150047253205602 0.7631819072414342
vt 0.17455244226442534 0.56106716494170028
vt 0.9140081542688141 0.59930752923148889
vt 0.18547980057878985 0.5409677003904817
vt 0.061546629435967712 0.025473673545114563
vt 0.70938648145285654 0.40257330649770123
vt 0.050123903580369424 0.68427731929838431
vt 0.043444378517749849 0.071430294714625017
vt 0.069731817172203781 0.65700393922373868
vt 0.61895859690124233 0.14804645675757944
vt 0.16069098114983357 0.2321642158217323
vt 0.70050381366341519 0.86200027092353748
vt 0.23001207451885422 0.93307208208208103
vt 0.14423971268164582 0.58637961969401375
vt 0.026129134582172291 0.13346056252444402
vt 0.25144438945136638 0.93048274820989696
vt 0.66641067940847254 0.87234027132035119
vt 0.34373951440329148 0.92688441622807838
vt 0.88574201284742615 0.83373035213411562
vt 0.069639859662311468 0.95231758994515525
vt 0.17405084546760538 0.21594823805209176
vt 0.21913415835839983 0.93414684293640748
vt 0.39375997819227998 0.91640704971362308
vt 0.087232725860779126 0.80446610622138814
vt 0.20415855706640268 0.50294717324196614
vt 0.50764173395539369 0.89379613145165104
vt 0.66597255817644474 0.58624993416068127
vt 0.59959519675640194 0.58605454611349372
vt 0.19363974663520062 0.52614325933209094
vt 0.18140924809444151 0.94646933951831014
vt 0.79139775712615235 0.84993152202988842
vt 0.54766837465957885 0.57802311355715197
vt 0.57426002043357449 0.57670407752146546
vt 0.45129426428252434 0.57197437481747149
vt 0.78036755698701255 0.58596942702275467
vt 0.66870936440969231 0.40933983043384559
vt 0.96936147806961381 0.82083813161382591
vt 0.060324999124303488 0.63964585973832833
vt 0.55989637623876187 0.89460610288003972
vt 0.32494149306092268 0.92685380127500372
vt 0.41460007242183772 0.91630397040951328
vt 0.63767682308921814 0.88537342336508806
vt 0.6780184741136841 0.877838761932489
vt 0.34174405810122971 0.22044106416563006
vt 0.63725492456018196 0.28351446393839574
vt 0.52550045862982497 0.89915525578863198
vt 0.0052857941762250431 0.96192431715663673
vt 0.054019903728362552 0.64541438940800155
vt 0.51284798558627198 0.24776928921604827
vt 0.12104797207209363 0.88683418404638648
vt 0.97839913164118197 0.77907524116319249
vt 0.97636701309698826 0.58758657567630135
vt 0.93450191068339861 0.60428615665554719
vt 0.27328262923378965 0.9501839285390361
vt 0.39949443783735528 0.57493740523406356
vt 0.32192558584568359 0.090676975128577614
vt 0.82322223852420906 0.34409532823144662
vt 0.95826137667778544 0.59213804594553532
vt 0.72565506437829386 0.87181573969420556
vt 0.35868074820200474 0.092960291715399893
vt 0.51545761302282633 0.58134467057318684
vt 0.060395093642529499 0.66552510043452173
vt 0.57973099904160175 0.26218537573027811
vt 0.58878055289745856 0.8960253657199122
vt 0.75972968753233105 0.35789113999005412
vt 0.4847375316558325 0.91305424550510905
vt 0.26349406433663897 0.2088519107748622
vt 0.20983382763064837 0.94761736683927289
vt 0.066218802210320588 0.77761029970542384
vt 0.64456410449926549 0.57404216767877281
vt 0.62696814682228408 0.89668809488088241
vt 0.82892904176071913 0.5923944251622032
vt 0.12273959052518313 0.89820567132840101
vt 0.20909537069630491 0.50162258106642654
vt 0.33844416648184583 0.93817030826983372
vt 0.42111656583977086 0.56798462482269807
vt 0.59280282539296358 0.14363580606876628
vt 0.36823286523333337 0.57794844843558191
vt 0.77018237963748104 0.86407375367624017
vt 0.7508522503050018 0.31371284094025725
vt 0.13538783673176089 0.93081556840862956
vt 0.39193240361948739 0.22384071208923836
vt 0.87500168368958287 0.84542006175699869
vt 0.7505533765840805 0.873431710107056
vt 0.12568489934921909 0.59987151191553367
vt 0.19430611383305779 0.51156727364871646
vt 0.15996381175514351 0.24979829534550835
vt 0.093272727287644602 0.83705415449976317
vt 0.10825814326331028 0.19600643416055541
vt 0.39003660291613595 0.92710482840768627
vt 0.79928135859417437 0.35035205913325762
vt 0.96165024692525114 0.59186320620578314
vt 0.31724540504920234 0.9425355180711279
vt 0.43865516287726303 0.23798314607779608
vt 0.43924720474102419 0.93310322561951764
vt 0.26376715921422494 0.94745473829367532
vt 0.79635713229026495 0.33004131506513418
vt 0.93855772383479152 0.82962556897056317
vt 0.50827056872632415 0.23492232631266532
vt 0.35465880419988993 0.93437380801412506
vt 0.20293417416020501 0.48897106750735314
vt 0.17932678785423126 0.39872473723449237
vt 0.71094107571614096 0.88278608954813276
vt 0.97857860650949424 0.60004332300708574
vt 0.61720578566973971 0.27710452521513346
vt 0.67991449691233319 0.28892659411975441
vt 0.96978701020243008 0.58971453418406827
vt 0.1077485382248671 0.86481294482149518
vt 0.79216786471831369 0.87258080402757665
vt 0.69562229994799329 0.89658853477644496
vt 0.071315105033950707 0.050680599445178019
vt 0.85669588436900623 0.59349895283236043
vt 0.078422814607662414 0.63112177452689211
vt 0.081901834135190671 0.62396813436631759
vt 0.66502080139813591 0.89242571862722797
vt 0.17232661771898627 0.22185444595820189
vt 0.045703617005721578 0.10740337514778225
vt 0.068184999999999996 0.62662899999999999
vt 0.16522779956261111 0.97294633676621067
vt 0.066999389374276658 0.79324288163580359
vt 0.049647451008625491 0.74807325574788708
vt 0.20532122816939044 0.51158372611172942
vt 0.39334906672186909 0.94489789529161494
vt 0.94985150347172331 0.21644193610718529
vt 0.74074979078139735 0.87911456888475392
vt 0.53328762691608356 0.91247621317958416
vt 0.27118289706153176 0.084460203111786564
vt 0.32152947471237975 0.20505068359130757
vt 0.70561063937267632 0.5818302365468393
vt 0.18556079790967911 0.4952318969796049
vt 0.51473352007608397 0.92747486903850984
vt 0.2092020089779148 0.96206600147751198
vt 0.76908969472679078 0.89060791380819659
vt 0.47006777313860593 0.92739421604410377
vt 0.48441918023275521 0.92908466495649633
vt 0.15810013303701637 0.55852990675677083
vt 0.58326437598371283 0.91039506787203794
vt 0.019663508224735247 0.15600961536049099
vt 0.60733939031734008 0.22221138502396107
vt 0.91344835098284938 0.86358207808687437
vt 0.89157085391073387 0.4011756731725914
vt 0.83420698392113068 0.86900251462510836
vt 0.77438444273659013 0.31099203732677305
vt 0.25378318575884673 0.96374555793444139
vt 0.97591542463563763 0.82610112164164617
vt 0.72869778962029774 0.30137870071677042
vt 0.85115370891861308 0.34705317345828413
vt 0.56130300278070344 0.57171674354300728
vt 0.078816963434355972 0.017155948072715969
vt 0.86973070262904417 0.28869046695331019
vt 0.30278631518332971 0.96169012326675785
vt 0.38033779126641776 0.94553231615031508
vt 0.18553689657137787 0.96543597218321897
vt 0.75069638139644945 0.57807263788181806
vt 0.59098346384179057 0.57739391989099742
vt 0.56854126261990978 0.4208619089638323
vt 0.12642598345188005 0.15479016617216157
vt 0.9685753839364335 0.84807408596421785
vt 0.1710390970764733 0.53957045810999305
vt 0.49926328400605963 0.92841004470371857
vt 0.11801138652927717 0.59155533032332419
vt 0.73584725876034884 0.15798882518484203
vt 0.86279961606945066 0.86804096910456219
vt 0.60793424368760896 0.26302386024762525
vt 0.53146211226206375 0.92761699709013934
vt 0.31861950626225838 0.9587329414311524
vt 0.37554956026744063 0.95094122181321117
vt 0.84459513643952144 0.33201355558470474
vt 0.80263394701885127 0.31246102800332753
vt 0.089015423974693655 0.018156113185267449
vt 0.07697162371978114 0.62024949945259045
vt 0.19598379714131006 0.35458319255363785
vt 0.47767063626423928 0.94815593749550431
vt 0.5262754867622188 0.12071237168912506
vt 0.13801145686385594 0.94214701699824799
vt 0.41487070532076104 0.56421870029944898
vt 0.64936680207602193 0.90507600079176664
vt 0.046706615777483709 0.67130406941323206
vt 0.043217167253008289 0.68045847859815523
vt 0.87924169192982882 0.88173225131267163
vt 0.71841500418443094 0.28778570472759857
vt 0.054957141454814742 0.12590159150932714
vt 0.54511539943351894 0.11373339995235271
vt 0.60792133533913462 0.91775178462707474
vt 0.39431820662764006 0.42191518919691218
vt 0.18961424524619069 0.48051359365834373
vt 0.5279214061427141 0.56695010788918887
vt 0.91249160334919477 0.58844291172335228
vt 0.88522546457027118 0.58070881452772805
vt 0.47323643267341686 0.089062440493415149
vt 0.22608528274806775 0.36202334156978089
vt 0.55610025064539048 0.92443635053318118
vt 0.090325448633068323 0.36052125896144799
vt 0.92713342720712832 0.20316527778568871
vt 0.15678979124415138 0.98778142619119735
vt 0.74921558734287164 0.89379436943197699
vt 0.57960912808992604 0.92064780563434545
vt 0.099721078063847834 0.60642493894990834
vt 0.53392876440001213 0.24722356635680948
vt 0.42464523307865032 0.22373418669326803
vt 0.44208809624596118 0.5537807480924527
vt 0.66631266449960602 0.57309176422102892
vt 0.72930940406574363 0.57313433356085319
vt 0.47257527632255042 0.22951403651769636
vt 0.18005358351622797 0.51514057110217149
vt 0.21915158475445282 0.9739252941232861
vt 0.02255828581043973 0.18479465749663154
vt 0.97739243933614173 0.2211763593146355
vt 0.84487010515055216 0.35122675139295972
vt 0.29806112383933081 0.078980140267845694
vt 0.17946103915777595 0.20415166528929404
vt 0.79251287560603856 0.89379540838152904
vt 0.16831958908426234 0.20799859140723514
vt 0.72690523429176868 0.90976221909222676
vt 0.58243731562083378 0.56850536520257533
vt 0.13920811701419172 0.57053199174048175
vt 0.62772926829377651 0.56875355452716458
vt 0.066646448970854741 0.073774849547865493
vt 0.0075078169495021545 0.87691451909269302
vt 0.76124708831055998 0.296245887607967
vt 0.23755923748415558 0.97494544591372767
vt 0.53468069633961934 0.41684515469972655
vt 0.35107697958688505 0.9576446987082764
vt 0.21069375157756209 0.97642603507590675
vt 0.19190429213154087 0.97993787519465392
vt 0.15731026056970884 0.54597640887121102
vt 0.20390281378379058 0.98068693048871314
vt 0.42963969971275384 0.95337771268614135
vt 0.041580769073924023 0.70162912251801146
vt 0.056966390721019652 0.80869978476740401
vt 0.98221451000612281 0.014541290754787202
vt 0.69926335436159248 0.567691116837169
vt 0.09169379356000304 0.85213536967420311
vt 0.024329346203790535 0.91160761417126657
vt 0.24887232210949908 0.9782071545516241
vt 0.59939206963589164 0.55998826738187579
vt 0.19490413376879748 0.068740406340739316
vt 0.94368852045024487 0.86349183954786302
vt 0.066876000000000005 0.62810100000000002
vt 0.98410771494012228 0.014017479963545831
vt 0.64462825518403055 0.26157204766310777
vt 0.39319741139785769 0.094924723147372186
vt 0.20450499710860709 0.40753994720104392
vt 0.84760443636634819 0.57748272999575889
vt 0.081826756064551573 0.029373048620336399
vt 0.28709373832419594 0.9726781937869915
vt 0.21442854124646454 0.20049182859370271
vt 0.57198198441792703 0.93303590427489758
vt 0.13840054818853653 0.96092634366548435
vt 0.34439874272079829 0.96769700247910628
vt 0.65667049242843578 0.92184300636407956
vt 0.97968403354102429 0.83178755952913908
vt 0.56186705129934333 0.24492054055693613
vt 0.25483275768121949 0.086419385119562833
vt 0.40122861549870598 0.95710467286107681
vt 0.69905480865076242 0.27456227790424026
vt 0.26963962789973961 0.97569034252766484
vt 0.22455283764366998 0.98425602148942981
vt 0.42084635859289399 0.95549767197635505
vt 0.42684612877271677 0.55410244377528883
vt 0.89597790307071912 0.34634640305040976
vt 0.45152696818780547 0.22466838295075003
vt 0.06365699617793627 0.82333751806751865
vt 0.61260714764033974 0.93178528859146259
vt 0.10510593254843577 0.90242737622570302
vt 0.41523142569984783 0.089588639037479711
vt 0.20014474795634002 0.98904860802469852
vt 0.055653490176395023 0.64192336077035361
vt 0.010174927730256649 0.19335665312992895
vt 0.37649826587211332 0.17895682506959279
vt 0.64428620738823994 0.13517139714113408
vt 0.74905956045320021 0.91347617657791025
vt 0.29686683220980092 0.97735539925699932
vt 0.13764755284258082 0.97759424424060659
vt 0.63691230877348659 0.92969199449452522
vt 0.32399294045917093 0.97378079644951931
vt 0.11347894106183698 0.93852075182503436
vt 0.23330604872682725 0.99294746900260955
vt 0.48030665585885579 0.42062243369373897
vt 0.47613045157866762 0.55371310034590249
vt 0.087227165609168975 0.24683692658097506
vt 0.16218253567994023 0.99152089984305203
vt 0.21144209891377652 0.99286082425744815
vt 0.92698462438417029 0.58031501029342347
vt 0.24291760920712821 0.98725642431007377
vt 0.85783402808283626 0.89111979586211643
vt 0.70388940776849218 0.92655320031776955
vt 0.53997179373700699 0.94864869123832685
vt 0.99107800000000001 0.018443999999999999
vt 0.99098200000000003 0.018787000000000002
vt 0.11119313205097171 0.92896857611364325
vt 0.65547701023991745 0.26972588782080886
vt 0.38127604870544407 0.97085178009977957
vt 0.77135002122438467 0.16602859716790458
vt 0.83895062440642054 0.90758035910566159
vt 0.24529870854144178 0.19143708403359769
vt 0.31192751750792153 0.9821038229883029
vt 0.30693792723178775 0.99239477562344169
vt 0.1660879701858515 0.52579271025014662
vt 0.98552753893185396 0.01875461295909725
vt 0.9716923208085475 0.015870679486612017
vt 0.47130813518804521 0.95575925237333492
vt 0.88650891304198842 0.33179966304063746
vt 0.35235421741012468 0.20866040764666455
vt 0.35144786115794646 0.97451806739152047
vt 0.64671013677609479 0.5651163413720075
vt 0.035889999999999998 0.67205300000000001
vt 0.038365534679408723 0.69553994597115631
vt 0.99509712451319199 0.02253362511766787
vt 0.047477999999999999 0.65646700000000002
vt 0.9759005710275489 0.84704198485197224
vt 0.32191111730040634 0.42033839085414915
vt 0.067650000000000002 0.62672300000000003
vt 0.4413050765680297 0.96154945072522224
vt 0.16419242854652386 0.065796321888705045
vt 0.32348355177310678 0.17269763588609255
vt 0.13518546050632532 0.56745359105771132
vt 0.032354389996684253 0.73394722370023913
vt 0.99144900000000002 0.019074000000000001
vt 0.26742303670816275 0.99131224610831481
vt 0.99008099999999999 0.024025999999999999
vt 0.98146788343447688 0.020384401457026163
vt 0.066535158189558768 0.84426651266650909
vt 0.28138639449563158 0.99205707978044289
vt 0.33362212076491876 0.97535564605755654
vt 0.56416590805287037 0.56158419634067291
vt 0.84883502947620526 0.30989316989035831
vt 0.94069650025855756 0.015431623069580317
vt 0.93902668752418361 0.013426281005645396
vt 0.14356585770086794 0.10295956770080464
vt 0.11502374819103514 0.58445146682546845
vt 0.32066613892785395 0.98866834152464966
vt 0.57832520973776624 0.12118701706763188
vt 0.8157248612555168 0.17012024591625582
vt 0.30187816266376449 0.18962103311750181
vt 0.091174547847741025 0.87795833997263162
vt 0.17086560742246493 0.5058639076555459
vt 0.78454574850834147 0.5634555557093418
vt 0.99102299999999999 0.024140999999999999
vt 0.97235899999999997 0.013415
vt 0.090139325761732461 0.60498557672585462
vt 0.98157859183789975 0.22430740764655271
vt 0.79572266718290452 0.16976613964918408
vt 0.37459455156623006 0.97582253192502089
vt 0.46778016055788768 0.96037623087466306
vt 0.41559458379973108 0.96855037028185365
vt 0.049819239944084007 0.79747434394114247
vt 0.053206182548780998 0.78429588391532534
vt 0.17528414685624122 0.99441466030977688
vt 0.67432020004510207 0.94356066073998957
vt 0.033122007763569383 0.67436343868615212
vt 0.98982599999999998 0.025080999999999999
vt 0.99728399999999995 0.024022999999999999
vt 0.79948603505767413 0.2753253318649766
vt 0.60818117777090774 0.12927515649269672
vt 0.82390322260933158 0.5525236679624913
vt 0.035098999999999998 0.67244499999999996
vt 0.26813592203836673 0.19191174227038915
vt 0.98274744155815741 0.030009937057786137
vt 0.15084156628699763 0.54668209843607818
vt 0.1369302890352756 0.98666983787547669
vt 0.027987999999999999 0.66967900000000002
vt 0.92465859536173145 0.3452550944275955
vt 0.34540180264565967 0.97728702468070205
vt 0.16092304131120608 0.99356177238043897
vt 0.97015276942235373 0.45509637157668581
vt 0.14968723568662928 0.99297872245730501
vt 0.33582984781693526 0.98443338658267998
vt 0.39659622561140939 0.2075320597899617
vt 0.94311365745063214 0.45417876319253903
vt 0.034386118270343213 0.69396726173691303
vt 0.79112205587734641 0.29984824704770519
vt 0.68334091521144369 0.55966627659892232
vt 0.39592657611473198 0.97448170813235513
vt 0.97300458706398407 0.45464304797710547
vt 0.35991073020346787 0.98008381209576945
vt 0.36795016254712165 0.98642639116526043
vt 0.052437649507665836 0.17378276761557088
vt 0.085347602794372882 0.095900686215764308
vt 0.53590723516018901 0.9550283481448586
vt 0.049895677836242831 0.81312167330046936
vt 0.17289827770465821 0.48418443505687725
vt 0.96931823398191974 0.024346950475840342
vt 0.59885292462973061 0.24419206865002191
vt 0.029877826563047466 0.67521977399884214
vt 0.80715985970264326 0.92197139346960677
vt 0.030580362339590023 0.71844138353276255
vt 0.19856922370308522 0.99491916454178564
vt 0.013652850847299914 0.22985101810464695
vt 0.022709701388269662 0.21380151341777892
vt 0.29158554674427284 0.99280085078436631
vt 0.034368999999999997 0.67209700000000006
vt 0.22932841953697614 0.99495078132613579
vt 0.25934453938473434 0.9944614715632315
vt 0.87832268263386282 0.90944615787776539
vt 0.82684433005838232 0.30572893576556237
vt 0.96851653532478399 0.87973497587324267
vt 0.96685221376493369 0.56108008983900504
vt 0.74931221315111451 0.5642906501838294
vt 0.43453995425869585 0.97173551529461266
vt 0.45073153144659928 0.098022759500830503
vt 0.12528055014612435 0.57223446119958454
vt 0.57235305395125835 0.55067744074668346
vt 0.45403596055553908 0.97551310832870097
vt 0.3836661048434446 0.98581615154625613
vt 0.97279009243036096 0.44135126158792126
vt 0.97576313950443094 0.44771034188086717
vt 0.173208 0.47427200000000003
vt 0.34846468460632885 0.98912136301794906
vt 0.93765944888942099 0.4567391008041895
vt 0.63554671973094312 0.9520134302034764
vt 0.082628478851511034 0.069818137116449339
vt 0.78475821783560484 0.93082511204103258
vt 0.10950431397940219 0.041544306165544262
vt 0.41245217701891801 0.97763209343531199
vt 0.87102300706991054 0.014821156085698339
vt 0.49039026683613363 0.96993447146925726
vt 0.24272438525770562 0.36519038535707504
vt 0.026729133739384677 0.6947079229741312
vt 0.96062945528093369 0.45631343547025904
vt 0.94352748056082014 0.89703282404588625
vt 0.90911146126363107 0.45715591468282185
vt 0.15484199176661217 0.53079785811594038
vt 0.90839716935917991 0.4525415938071311
vt 0.16494333920086668 0.50580313596377469
vt 0.061124085318175821 0.15566211938544788
vt 0.093656543439991469 0.92111259533055512
vt 0.7521344065866975 0.93970215463951612
vt 0.14810964772356069 0.99420415690144903
vt 0.9386099441514073 0.9201742432162765
vt 0.026361565062559125 0.76783782606302153
vt 0.89092788310570747 0.45435413721207074
vt 0.9874349594328834 0.036800475350563897
vt 0.42216137105276058 0.98039459973235255
vt 0.91687145445960372 0.3286583204436202
vt 0.15071114653503984 0.39097669877305308
vt 0.94507327798589635 0.028512954918974862
vt 0.17570351983443899 0.47414682239686906
vt 0.47647567974190119 0.9758999964173003
vt 0.51425502602429229 0.55090800146403407
vt 0.68839972194587506 0.14613690169248481
vt 0.53197870252852231 0.96706476792684359
vt 0.88076458299420179 0.013364554357882003
vt 0.48498229863528847 0.55113564134845161
vt 0.39293687444684711 0.98325170381545446
vt 0.43804531654571177 0.9794929421418378
vt 0.98263668923923153 0.05047170281452542
vt 0.86986042256917906 0.45579869890507507
vt 0.093581691986125398 0.89612052298542977
vt 0.87894872243857225 0.45750840575212126
vt 0.66183081598316407 0.55687227044335197
vt 0.59179987514220744 0.95772998422451372
vt 0.022261622463191008 0.69621117136739308
vt 0.83560679577762631 0.011847945412935729
vt 0.29253751687747553 0.99500211866073474
vt 0.4054089918147617 0.98462423784953768
vt 0.61441376844024242 0.41297232282402863
vt 0.97992979501838828 0.8640911328249673
vt 0.42025435629134367 0.99106940629370277
vt 0.060035576397640684 0.14560772686415585
vt 0.5142680742465584 0.96775658388007335
vt 0.95483727504820515 0.44642482803812655
vt 0.8384732615291719 0.45344674306432531
vt 0.06388373076047052 0.85358042680557566
vt 0.14562999298309895 0.54773403551971678
vt 0.8246642268428952 0.013251996081041183
vt 0.95297164432771286 0.04723943213131241
vt 0.161032180159632 0.50477975160144384
vt 0.17252999999999999 0.475412
vt 0.16822317377887863 0.48129941907414553
vt 0.63903275951077199 0.55018347765410058
vt 0.087737135757921109 0.25696154967888896
vt 0.89243167323837747 0.027303722301514871
vt 0.95459833360339053 0.56628865745507884
vt 0.62636444954603965 0.24583513109783872
vt 0.0034514603723283794 0.87444301328674601
vt 0.020381358503673147 0.71275118405712123
vt 0.92626318626908788 0.44556073831005438
vt 0.42828851906864085 0.98500785737129948
vt 0.31946946182144798 0.99433544950783559
vt 0.2127040534750331 0.18458871665634002
vt 0.027411268539038792 0.24098477297941354
vt 0.14634043499202448 0.083766426382962694
vt 0.57207611201270814 0.96821569878209091
vt 0.86962518479668693 0.30986551063141587
vt 0.11919758513131316 0.96784675166031786
vt 0.047013884752066935 0.18499230982612694
vt 0.1046068665201401 0.37935350010501739
vt 0.40004495532232243 0.99055287170713235
vt 0.11707789438857108 0.13528695467632532
vt 0.87672558986956595 0.9293332228736968
vt 0.35331839614007704 0.99393514252556148
vt 0.8456251154414598 0.45677557127657087
vt 0.42803000000000002 0.55210400000000004
vt 0.45730785458794909 0.55265987478235079
vt 0.41777759240452794 0.42411794265937264
vt 0.80514672201226978 0.45335307805432307
vt 0.81888771598374621 0.45695422498145433
vt 0.13421512528425944 0.99267028432300197
vt 0.15207768670515678 0.53339058418045848
vt 0.79839144159821696 0.012788864466045479
vt 0.07795912128680578 0.10809695747819047
vt 0.44780470588932986 0.55101750519615
vt 0.96859604561463342 0.42319904613090081
vt 0.84432569884402509 0.024456554061971676
vt 0.95906104478976495 0.34827313411875455
vt 0.98673085875539146 0.05744640817236378
vt 0.08493635310710014 0.9102246912322165
vt 0.97769686245599108 0.88637407099693633
vt 0.38695246019945945 0.99331883587778091
vt 0.171877 0.47424899999999998
vt 0.73094727445675356 0.94687863849191578
vt 0.81296155490133759 0.93777478344575782
vt 0.080197328957948649 0.88248164285539188
vt 0.33762924211562551 0.18985741947366527
vt 0.02313813229265866 0.75056274939547363
vt 0.25915477640562357 0.41899710594924422
vt 0.94655499171404522 0.5594417849815605
vt 0.16340025361101468 0.46282162349830019
vt 0.42714929176298982 0.20622295664209997
vt 0.13075480451106877 0.99592930680354141
vt 0.86391178857607565 0.4473246022205537
vt 0.8097648669266404 0.012055441292909398
vt 0.61994500884599191 0.96523301733586098
vt 0.98392259901820389 0.060172016715354382
vt 0.76268269961659274 0.010128199204772256
vt 0.16057049003812304 0.4679951009510287
vt 0.54023479256829576 0.97610722384701221
vt 0.44643465547859379 0.98998549261007174
vt 0.91890895048306642 0.049931569223915305
vt 0.75614649581888926 0.15328544985105988
vt 0.090934088524000589 0.99706499770409918
vt 0.97508442883360502 0.4365784414119625
vt 0.73848098946599261 0.012013217805697755
vt 0.54034450028152581 0.22822816227379086
vt 0.91523329454990821 0.55618673757788506
vt 0.64719188920909332 0.55174144298539463
vt 0.78126760667841033 0.45283491455055136
vt 0.6700193304930756 0.95828270828348561
vt 0.8300878867970235 0.93266899378917034
vt 0.70302212625779825 0.95292091162955905
vt 0.46876689399710725 0.98714667342160933
vt 0.72704271146098209 0.26737687833736545
vt 0.74399047951537678 0.45246715614633787
vt 0.89052001139778703 0.4447217322033335
vt 0.75100563374049822 0.45625212776039081
vt 0.1533333591510814 0.44979128448336358
vt 0.77096927110133429 0.55189363952217296
vt 0.70228030480996251 0.55207350065809535
vt 0.086409707378556064 0.22086125894273045
vt 0.81497106311509193 0.44518273881761261
vt 0.89844774679775752 0.043362374147776307
vt 0.81408536659895825 0.026911177901966732
vt 0.47661494052318137 0.54987234027297394
vt 0.76867281086648886 0.94733075382646448
vt 0.87366093928514033 0.041760491026219038
vt 0.78526400512023731 0.45670909774043916
vt 0.056116583716945487 0.94371262115594079
vt 0.96683607714110997 0.90346987113146049
vt 0.50769823639634692 0.10251494409658969
vt 0.47784331476405684 0.98994192603509923
vt 0.23261513455876426 0.41587696388121465
vt 0.023626024062083528 0.79918475437894676
vt 0.1459824413850252 0.28533589550702154
vt 0.56797361863654883 0.97726143147066269
vt 0.5637827550164034 0.21567229296684751
vt 0.57676802783348302 0.23278804301769263
vt 0.8523402136142586 0.93337454255701047
vt 0.42629679724519443 0.9931278408038936
vt 0.29991163147670175 0.42659767190132863
vt 0.7153203808332903 0.01019156220897208
vt 0.73732619509825814 0.9523189456045642
vt 0.14886845995057857 0.44745148304851473
vt 0.84824584983428963 0.44190307611112212
vt 0.76681073619582119 0.02625635137993421
vt 0.81584109609317135 0.95346857607076085
vt 0.50407950125344081 0.99036248572515517
vt 0.72060548684440273 0.45241690423527026
vt 0.16079812156725984 0.4769207196424613
vt 0.15015263960771069 0.45562625037983639
vt 0.072967428820590374 0.13893503973611773
vt 0.37050049846775301 0.19784192410386392
vt 0.86271235960087544 0.94085256165509379
vt 0.015884423153103042 0.73352179698015418
vt 0.61162798914428707 0.9753371332191324
vt 0.67749149483026649 0.25846492780972452
vt 0.98395507477360344 0.88686705199209337
vt 0.50676124901016395 0.54871111199517109
vt 0.67881289859247851 0.010825469833952502
vt 0.72428955995985655 0.55218603398972332
vt 0.53607919595367182 0.20885745056922206
vt 0.78566666875704294 0.035593009432897324
vt 0.8564753094010692 0.040859841898634973
vt 0.98655101449285421 0.07709745989266624
vt 0.81659788990558835 0.93970998079140955
vt 0.10695131768619306 0.065809617990376656
vt 0.68304788935408689 0.96523322452273397
vt 0.9725542758084551 0.34613942479962484
vt 0.66999249738494293 0.00882297702608335
vt 0.46689341917066751 0.99268368712393429
vt 0.14226513804075677 0.43838751450093189
vt 0.11217033422192854 0.99000552768971928
vt 0.71073653777878643 0.45501189156111788
vt 0.69599856757012202 0.4524036993345194
vt 0.68752407812882199 0.45437805722368213
vt 0.77732969692376974 0.44551582714213139
vt 0.52813862763239838 0.10528613422095373
vt 0.97481429073236647 0.90155514664694136
vt 0.74106721347277371 0.032976526999102765
vt 0.022820028658604458 0.25580587630368257
vt 0.5379860126466095 0.98932492252608373
vt 0.72254737832532112 0.95711006490397377
vt 0.016143116327082166 0.71730335732293515
vt 0.84147617181337098 0.046916607442682653
vt 0.87031435170039995 0.55387973275523827
vt 0.64622182613256329 0.97183718284703402
vt 0.45056318636847903 0.20773727518203305
vt 0.82316552292386147 0.95162699757188118
vt 0.13548747472661432 0.43342704913851759
vt 0.74074825982433889 0.44463742362532005
vt 0.6730128570386803 0.55165233522008805
vt 0.53830877845188685 0.54777021553487226
vt 0.13515084731567675 0.022882020577797649
vt 0.57841453186571912 0.54912926384002325
vt 0.10070760285070562 0.98425211617030883
vt 0.98186231641478261 0.081170301842484596
vt 0.83978790318622698 0.16611309417973158
vt 0.96199983619564866 0.082820587147164768
vt 0.44903827744371322 0.9930490086483692
vt 0.092381459996260754 0.93465969903694601
vt 0.13755929210394138 0.44078423235771202
vt 0.05883050570957081 0.89031538349244099
vt 0.2899252149216015 0.17508510843218467
vt 0.76392124654328752 0.25636571675922087
vt 0.053198498795142539 0.85087509867827937
vt 0.71757716706250763 0.02754984978369748
vt 0.81695662862310692 0.29297633342731766
vt 0.89460059521008262 0.93981912583974037
vt 0.80341879796928539 0.040340666960152094
vt 0.0097608287552455684 0.76519825976687905
vt 0.71271942781652198 0.44620232922759884
vt 0.77147609969268749 0.27788649653394493
vt 0.051074716591582692 0.20020566003527007
vt 0.48666706234470575 0.99244089879205166
vt 0.59686108447618724 0.98818081029161564
vt 0.89093336885339747 0.30836142327946892
vt 0.92730889238626135 0.42971709463553853
vt 0.62878764745557847 0.0096568800982452241
vt 0.72084951080707649 0.14397801989864628
vt 0.12856949781429952 0.01755258695104819
vt 0.6679391200113074 0.44463025602973966
vt 0.1302084293060051 0.42825210901892813
vt 0.12488587986399044 0.42270331236412906
vt 0.59996108755873967 0.0066319494190050484
vt 0.58684467596038958 0.0087349028934796194
vt 0.25709918493529471 0.061439259059663395
vt 0.74316642142448042 0.2556576870595666
vt 0.55610701527661499 0.54759751963840486
vt 0.65950712454297711 0.45179721817932939
vt 0.93413949443237765 0.94696891415056383
vt 0.51036059902531816 0.99195176156449771
vt 0.63094005882453086 0.0080720533101843531
vt 0.040431140152153509 0.26207496980258194
vt 0.82759134042651905 0.044208416953129027
vt 0.75011105008235779 0.27253352501913491
vt 0.9577219734343192 0.56509470589199051
vt 0.86053019847095458 0.94605391162107488
vt 0.11837293860542618 0.41626071743938065
vt 0.57616534072793235 0.54746847547463773
vt 0.44323728394531603 0.1882715573386983
vt 0.66925299538935823 0.45376826392362507
vt 0.71454081062188812 0.9751875365225644
vt 0.64906666485288422 0.45436001709524987
vt 0.12731618873684528 0.43045631334482515
vt 0.62018757199308694 0.45313576582287568
vt 0.061263320017486703 0.90356141567884218
vt 0.97821643629158062 0.56980494622977773
vt 0.60452274340583145 0.5475544854567802
vt 0.010966776856871028 0.74466592891969985
vt 0.055098454105828636 0.21600576735945035
vt 0.22443215032147992 0.055676598176446462
vt 0.98084682108397947 0.56761606354715755
vt 0.66530410407100693 0.022845102607182824
vt 0.11178409797589602 0.41112557115861259
vt 0.59696826822344007 0.54642749940956203
vt 0.78277321548572343 0.97509608813356574
vt 0.69195544879487847 0.44324377865818682
vt 0.70102554535119488 0.25996993290473353
vt 0.64155057992352371 0.98762943433199069
vt 0.096417617927452529 0.12329831862125464
vt 0.89275244559024025 0.057032146321225614
vt 0.56664823388191321 0.0065182206826233519
vt 0.63160091498289728 0.44914672578108594
vt 0.62334718107002363 0.45427295598857947
vt 0.32067518898164876 0.076677812639414561
vt 0.11415385673224425 0.99484676684042073
vt 0.54440592449971725 0.99198572357704062
vt 0.6614855726048523 0.54884909825369599
vt 0.96836931014254735 0.92536715692116311
vt 0.67274053393493072 0.13236777500347521
vt 0.63366937405201673 0.54703527909150962
vt 0.9868971673099407 0.10040654622804472
vt 0.97639900796187051 0.34880249385042023
vt 0.083405356760571203 0.14498203148185981
vt 0.053943674291632084 0.23518605395613609
vt 0.58822256897460978 0.45321141225682149
vt 0.94447547557454048 0.075456286772198886
vt 0.023175017373525252 0.83930883555660163
vt 0.69000556118492984 0.54887610368702711
vt 0.079032481434520532 0.15866443581062278
vt 0.56731017346110613 0.44983367393151175
vt 0.51286827272313751 0.21973988190430166
vt 0.87660364422605008 0.95769977600147427
vt 0.57545847918832638 0.99151989188988632
vt 0.076427858368132234 0.91860902701120639
vt 0.01817150334831389 0.78588258550978851
vt 0.52040678105961058 0.0077702958178940563
vt 0.11572584572194555 0.42012700763654437
vt 0.62945579812717867 0.028422937995482213
vt 0.98102639893315013 0.10962714817749439
vt 0.045039630613204762 0.92574603356064
vt 0.86777840044107812 0.059162861180322261
vt 0.10857791568143624 0.38423584319861998
vt 0.054519592363083999 0.87851063858297873
vt 0.60191607574351624 0.02005302167948245
vt 0.61035899999999998 0.54353499999999999
vt 0.72152729554902284 0.54854279180792143
vt 0.24274714687613097 0.06794659267096427
vt 0.74226873371384383 0.98673131190652874
vt 0.28250155140902095 0.066481551753048651
vt 0.96583357555325144 0.95651002828767995
vt 0.6509667199503284 0.54419357896302611
vt 0.80250979197677763 0.054176500200198568
vt 0.90909610186106748 0.077720389704515461
vt 0.57811893949486048 0.021376466179514837
vt 0.35929404290017536 0.080389850831899479
vt 0.98565032073379333 0.90810947327915825
vt 0.107627 0.40946399999999999
vt 0.97672662654830844 0.9221768162563253
vt 0.75810142794245805 0.053716988347341996
vt 0.68486866956099779 0.9878124893171194
vt 0.52380115459261989 0.44986396758205149
vt 0.69613362460797945 0.54571644079808979
vt 0.52706894978251628 0.4531256408482916
vt 0.67333543746991964 0.042850172929319641
vt 0.0056934218556828628 0.87057040859564938
vt 0.3780689029021177 0.070599655989026733
vt 0.97393652140397458 0.56162223823571189
vt 0.77961286424288911 0.54897422979418131
vt 0.55611800858050331 0.45288560299039787
vt 0.11742830792213149 0.097693154418747527
vt 0.062967057835979404 0.1917292652011594
vt 0.92999014929193746 0.41304336912181061
vt 0.8020488901941687 0.42461206403390461
vt 0.075010544485982905 0.92854666753906723
vt 0.47684200543996169 0.0070750965535366942
vt 0.88622648825775296 0.42336049618501426
vt 0.77328028541515503 0.42344068235400789
vt 0.71097280560015419 0.43133250005896212
vt 0.60252406668925318 0.99068034529549209
vt 0.83656662007415949 0.98517595511736622
vt 0.63564163107146443 0.98991461952646109
vt 0.4722423232614209 0.0038612839516545859
vt 0.52626200000000001 0.0059170000000000004
vt 0.74361509534604298 0.43037806543432366
vt 0.83993513323379831 0.29010807974017039
vt 0.97509627802171628 0.33369944754422531
vt 0.43793187816450113 0.0027927127330369338
vt 0.42568715091309361 0.0059762441560994185
vt 0.011563294821635695 0.99282452024185253
vt 0.78633199785164065 0.056941309616615927
vt 0.74794436542747822 0.54591037723227243
vt 0.70647888543419046 0.045291979007953689
vt 0.47593419519740732 0.0049788882389027091
vt 0.64723472547393757 0.238135828416113
vt 0.69192684663279747 0.41649628681002426
vt 0.046842289662677811 0.86445724604920093
vt 0.53623105469536625 0.024122111324974344
vt 0.60933772964848498 0.43213081006601234
vt 0.51403053889627737 0.023437423765051091
vt 0.48544139890539639 0.0045546599909873677
vt 0.033433940116683408 0.28500638952915691
vt 0.66301610529241251 0.54501474729939992
vt 0.49215669220547992 0.44951521148608953
vt 0.095520215169172792 0.1510297551394969
vt 0.83398614455376885 0.073902182520796167
vt 0.64652750582439455 0.038982865574443075
vt 0.49102912218327932 0.45281491723648171
vt 0.79898916577747692 0.9861172603671241
vt 0.73025151956969392 0.54524413642335579
vt 0.58583943461631538 0.43256220225711323
vt 0.40269421978685516 0.0028898204088987365
vt 0.25522646624547363 0.17299440441771907
vt 0.0067232404457383595 0.78899455770043736
vt 0.66024300000000002 0.54425299999999999
vt 0.93235745724818908 0.96593269005050086
vt 0.05841443387538451 0.92184050096065262
vt 0.051177728146928891 0.28829435922168989
vt 0.97362324196457617 0.96119695105021896
vt 0.9159914138408598 0.093663178774270092
vt 0.9334047997858721 0.10547376094999664
vt 0.90002663749317413 0.96895081908954905
vt 0.68050418749413211 0.99021198124844512
vt 0.44758469931209005 0.44770285012509903
vt 0.8418016194455511 0.54973741830800893
vt 0.72786510842598018 0.056985423700506958
vt 0.88146372908551307 0.079115321373165431
vt 0.085622818029926398 0.99411950617901435
vt 0.60376663529489139 0.039364416281305062
vt 0.059622321299159578 0.30875633430951749
vt 0.0047605709364253283 0.78188865529975826
vt 0.98519395258547549 0.13416321350633381
vt 0.66014804481899581 0.54404989444058438
vt 0.39203514394191952 0.0065768860355638224
vt 0.8305940572046363 0.41654487503953652
vt 0.66333073839040202 0.4308219921701037
vt 0.71516400000000002 0.98928799999999995
vt 0.40423115985286406 0.19045553440932306
vt 0.44366508101677588 0.45153539279739846
vt 0.79116222402833591 0.54589087160385008
vt 0.35579052949759976 0.0061407801514341441
vt 0.48158971063220446 0.025133119408409604
vt 0.91096244905725843 0.30049901614745622
vt 0.95720676380391034 0.11550133080662672
vt 0.069005988424268194 0.2099753921356764
vt 0.44560024523931924 0.42643226372631454
vt 0.97617241209199213 0.94746779301028028
vt 0.86596036792700848 0.16711558613807215
vt 0.55590436664104748 0.032065048073014524
vt 0.95083421353048991 0.96792914089726378
vt 0.406885 0.45121699999999998
vt 0.13935046801686704 0.050711348548046854
vt 0.13956999679958956 0.024987828389090298
vt 0.51629503985526826 0.42396786352728238
vt 0.071927747594191085 0.18359983518643641
vt 0.97897235718894349 0.33777533054464043
vt 0.44180287702171406 0.019876382256625934
vt 0.87793614354539695 0.54770900016134427
vt 0.34005249821559264 0.0024313682409901321
vt 0.90967412251542468 0.55297571153062508
vt 0.84788398764370232 0.54624177371910532
vt 0.064986256173990606 0.26695777409624283
vt 0.97659193531537514 0.21333807679942327
vt 0.40653099999999998 0.45161200000000001
vt 0.38110089799469304 0.4472366854704018
vt 0.75496822226296068 0.98813572553517393
vt 0.051244001662334213 0.32602037060191519
vt 0.47076442173747246 0.43537253431754375
vt 0.91925849830820561 0.17876406902400474
vt 0.053355691708955551 0.90797159392264049
vt 0.40536800000000001 0.45133099999999998
vt 0.36098374324422361 0.45047234393698576
vt 0.079429909735268145 0.19973766193685474
vt 0.45930752560237226 0.020912280542205876
vt 0.85449023121565804 0.081015817375759219
vt 0.97954561559706899 0.14159499950617291
vt 0.57125457143378977 0.039638852835263597
vt 0.064341239277344947 0.23862545220049733
vt 0.35263258829465682 0.44828240858591745
vt 0.94683882284119103 0.55620148322520502
vt 0.30899862205537093 0.44666010156259167
vt 0.52187617382925766 0.4299516180869053
vt 0.62306097819355766 0.42476696753113563
vt 0.71761908418292719 0.24994169749605447
vt 0.8108290656821785 0.077782238780898669
vt 0.82503469634341076 0.27827268518132259
vt 0.067845442763002473 0.22492751736563443
vt 0.70439707243100191 0.069931545718519561
vt 0.0082092865054272379 0.8159974322678295
vt 0.31911547015358249 0.0072012491142393097
vt 0.888766706896711 0.16313991052006235
vt 0.52895151439982013 0.038328107980179917
vt 0.88415398807495205 0.98574197885179204
vt 0.28092487375746295 0.0034519842225518827
vt 0.75654951917541557 0.077051979573633023
vt 0.86665598096549024 0.097036686262588365
vt 0.89450619538732934 0.54761755377752619
vt 0.0082640996827983738 0.98423969312219717
vt 0.66686817802291221 0.060437235062745787
vt 0.59331223980557724 0.11174580972859878
vt 0.32127670035891726 0.44595467300767117
vt 0.42740801297343428 0.42862421259131184
vt 0.88902728932403785 0.29309500745385719
vt 0.56269729258483803 0.099218402249833054
vt 0.017938980348988449 0.83058356838232306
vt 0.78569897970858282 0.077771489038902644
vt 0.63199646059187875 0.052020273138550351
vt 0.80144084287303308 0.98874575435464807
vt 0.14686934629724424 0.014829442584175781
vt 0.43657497811306512 0.083723804063862498
vt 0.8304402705294236 0.097352797949400452
vt 0.079987784949686752 0.18740071568104066
vt 0.090944599001143142 0.16780585312002658
vt 0.11152819079750613 0.15366612226429444
vt 0.59086853728465405 0.053790752957661586
vt 0.35505439617023227 0.022953839360568246
vt 0.1489974661140327 0.010217645406014277
vt 0.15820722560671258 0.009820230006781925
vt 0.27213876265414821 0.44010962714230895
vt 0.89117932810613965 0.10479645686841502
vt 0.20434939695018692 0.0091841519913588108
vt 0.43838769366832092 0.028442312166977981
vt 0.14948660126133159 0.010008189040853847
vt 0.45549027590243601 0.03211240349332465
vt 0.31402522063394589 0.44084239520126106
vt 0.84165008168031286 0.98803095084430015
vt 0.63003498142577308 0.11333871543488752
vt 0.93114812554381188 0.98393616487555091
vt 0.72413497169372609 0.41607887705528579
vt 0.80996070843671109 0.152505748635827
vt 0.98483362217957959 0.94040644079026636
vt 0.24692807692020002 0.0083945439931755149
vt 0.24828864955508628 0.065051991202694004
vt 0.60674968020575848 0.065702100575684957
vt 0.94136491447085091 0.55126062213426408
vt 0.90871278686204071 0.12005453937357027
vt 0.9663175101791357 0.97579966561053655
vt 0.14309971867972737 0.039082281313736048
vt 0.72546450494790349 0.076576296406003677
vt 0.95037335002722867 0.14661821556467994
vt 0.23237418637631646 0.0048249610451478507
vt 0.39911266340644286 0.031420346908422332
vt 0.87149437487468595 0.98753021601179292
vt 0.26058803510262457 0.44233619729885854
vt 0.23957574195468564 0.43569238338064775
vt 0.14197685909053551 0.086522635582986007
vt 0.64207777003087796 0.068736419310010996
vt 0.3730860427761718 0.43526220541322902
vt 0.37924939830504872 0.038311183127111216
vt 0.97328958847859104 0.97476452485576837
vt 0.15587407179842255 0.052602745037009735
vt 0.072973260449122543 0.3604006058068901
vt 0.073166631131151655 0.34054495023175452
vt 0.0051624262655377527 0.81250239223598197
vt 0.46046519371628331 0.04119767078316855
vt 0.98572578627744456 0.16296189836560765
vt 0.55192189836520955 0.42487064622909132
vt 0.80679084086749175 0.094974379783161214
vt 0.7893812513948838 0.09630667701269234
vt 0.77278786186115844 0.097666979768420481
vt 0.22152048818648593 0.43629360685954427
vt 0.893135818657804 0.98733728370544305
vt 0.066622879180376932 0.32673474486777959
vt 0.54257464231570329 0.058877576664440018
vt 0.29809247797768218 0.019561698855810977
vt 0.49733695106453868 0.044465765597635667
vt 0.67420178161786393 0.075164520845569016
vt 0.97802674898259911 0.15119500840210817
vt 0.18284326463863113 0.0063398968728868082
vt 0.97224773253708829 0.55700500342550996
vt 0.91411576066407518 0.13308293421973791
vt 0.43479085070699136 0.043802833064320146
vt 0.85511570622833621 0.11790346879026839
vt 0.57054430300287395 0.065888750993880724
vt 0.91729904033910659 0.9860879707944028
vt 0.18936225496090556 0.42756232898382646
vt 0.33652331362171739 0.031314535541774866
vt 0.35837233196286278 0.033644555152162012
vt 0.26941870158238435 0.033500183685350737
vt 0.17264588612608325 0.010726014324482752
vt 0.94650274817965907 0.1864378402306264
vt 0.20453908747214922 0.42532759704611095
vt 0.19226006044684127 0.42963339844291837
vt 0.23287097794615724 0.019908916953555594
vt 0.62833764615284948 0.076789596725508669
vt 0.15793051083729953 0.41873719952018068
vt 0.16499671343413752 0.42220934580568231
vt 0.94084927586424094 0.984883440375388
vt 0.93651937835196464 0.15529022338427581
vt 0.5019529408658473 0.061045705457406133
vt 0.16154966816938007 0.41288950830329008
vt 0.15130765325524836 0.018402957356996159
vt 0.023553305739478142 0.87679059212308375
vt 0.96954596894536527 0.98093980419607196
vt 0.12512483903555527 0.40482794070577277
vt 0.13465858975436693 0.41026874301802901
vt 0.097414127849234436 0.18279714266669189
vt 0.75757889160125447 0.10435323312589095
vt 0.28691892496109989 0.034132618287472265
vt 0.71605592721054101 0.099669587744276325
vt 0.32783636696481344 0.065290998304916442
vt 0.31367167312865218 0.03622413060734931
vt 0.31356411891027053 0.063965078076728285
vt 0.10429590242839618 0.39484665481066239
vt 0.81290805346978057 0.11617009761059802
vt 0.97751666976705187 0.17528062625901211
vt 0.39083397375182888 0.042332254165172896
vt 0.1242115593577551 0.39452958082378026
vt 0.96638950504782362 0.98268065576446506
vt 0.47405619107586039 0.059233776523746076
vt 0.87050673448855265 0.13671741711366087
vt 0.68006770567000896 0.093793381594436759
vt 0.24943141282127623 0.032503996244092087
vt 0.79689458472144159 0.11853205590074739
vt 0.14499290344936186 0.051384942793310052
vt 0.59643707878378927 0.42126817280486833
vt 0.97480208977984939 0.97762202785134023
vt 0.094197060353152284 0.38156849582752661
vt 0.26887283070163692 0.054377867425395195
vt 0.98131745876335474 0.96394004797281896
vt 0.10149456875401423 0.39147736146729395
vt 0.367363241799609 0.068475405434784295
vt 0.0071316240234178298 0.84990255231145428
vt 0.95400484970474408 0.16949066413669572
vt 0.16023480749366176 0.028581815423533496
vt 0.70845715779082641 0.12964646435047028
vt 0.65660102782748642 0.086200482539248779
vt 0.018064516909082035 0.87436612268509162
vt 0.34083766547441724 0.059554438980814965
vt 0.21360249317621771 0.030913796173359695
vt 0.1443104515207751 0.054380983795895656
vt 0.90694153365101837 0.14437354877458122
vt 0.089925964137727743 0.38183039152255316
vt 0.45328765858759268 0.059449353121384031
vt 0.43783180823087409 0.057624352897265363
vt 0.58905589123803404 0.092204666215270834
vt 0.83332188806470442 0.13508844137684078
vt 0.36846716614946495 0.040575090114679829
vt 0.32835853384717228 0.042950382208800722
vt 0.40204094541655488 0.05443143271815816
vt 0.0041147900383030648 0.84977545292938816
vt 0.98315265990233014 0.19990921309580065
vt 0.51906775954264128 0.07414415922679285
vt 0.63311772214016915 0.094435737209489626
vt 0.60283859657815431 0.086825633724107773
vt 0.77899184650159337 0.1399917328097722
vt 0.1869886697132962 0.036594991969642374
vt 0.36274761042352466 0.051692489864319936
vt 0.34153973356474082 0.046201594839364632
vt 0.38053073160243894 0.051962335060638791
vt 0.56218958102742855 0.082275306609293428
vt 0.41778058369798571 0.070740160450446635
vt 0.2984784313241145 0.050648141119174518
vt 0.45701748368559886 0.076761327674766358
vt 0.23534232681056128 0.039828539716435879
vt 0.80633027560135395 0.13803549103683008
vt 0.15327934136309157 0.058341333079032144
vt 0.28407372984220186 0.049410257254715317
vt 0.97923760308058427 0.20548229822918629
vt 0.66320338797031597 0.1074391305232702
vt 0.691997398182853 0.10874502178994284
vt 0.25986402410742915 0.051730131864507867
vt 0.74676589624793299 0.13181711364026572
vt 0.24583534253401818 0.049428471939891964
vt 0.32000014659080223 0.049926506828672487
vt 0.48318275397630778 0.074927515916354687
vt 0.36926147590264535 0.054951943035769002
vt 0.8539682724530282 0.15065787072053638
vt 0.53063003203174697 0.090414187980304039
vt 0.3929427924785639 0.065846585241804395

f 1/1 7/7 6/6
f 1/1 4/4 5/5
f 4/4 1/1 6/6
f 4/4 6/6 11/11
f 4/4 14/14 5/5
f 4/4 18/18 19/19
f 18/18 4/4 11/11
f 34/34 30/30 18/18
f 19/19 15/15 4/4
f 18/18 30/30 19/19
f 3/3 27/27 2/2
f 3/3 20/20 27/27
f 4/4 15/15 14/14
f 18/18 11/11 32/32
f 5/5 7/7 1/1
f 7/7 5/5 47/47
f 50/50 19/19 30/30
f 34/34 58/58 30/30
f 62/62 5/5 14/14
f 15/15 19/19 61/61
f 3/3 60/60 20/20
f 55/55 50/50 30/30
f 50/50 61/61 19/19
f 55/55 30/30 58/58
f 59/59 34/34 18/18
f 2/2 8/8 3/3
f 57/57 12/12 70/70
f 54/54 14/14 15/15
f 3/3 8/8 35/35
f 54/54 15/15 61/61
f 58/58 68/68 55/55
f 5/5 62/62 63/63
f 6/6 7/7 17/17
f 11/11 48/48 32/32
f 3/3 35/35 60/60
f 22/22 2/2 64/64
f 64/64 2/2 66/66
f 8/8 2/2 13/13
f 34/34 67/67 58/58
f 18/18 32/32 59/59
f 67/67 68/68 58/58
f 63/63 47/47 5/5
f 14/14 87/87 62/62
f 14/14 54/54 87/87
f 74/74 50/50 55/55
f 27/27 66/66 2/2
f 54/54 61/61 97/97
f 85/85 89/89 68/68
f 104/104 89/89 85/85
f 50/50 74/74 61/61
f 13/13 22/22 105/105
f 68/68 89/89 55/55
f 91/91 85/85 68/68
f 102/102 74/74 55/55
f 96/96 79/79 107/107
f 75/75 60/60 35/35
f 104/104 85/85 91/91
f 20/20 60/60 88/88
f 47/47 17/17 7/7
f 17/17 78/78 6/6
f 22/22 13/13 2/2
f 91/91 92/92 119/119
f 46/46 42/42 101/101
f 104/104 91/91 124/124
f 78/78 48/48 6/6
f 62/62 132/133 63/63
f 130/131 114/114 100/100
f 97/97 61/61 74/74
f 132/133 138/139 63/63
f 124/124 91/91 119/119
f 104/104 124/124 121/121
f 71/71 34/34 59/59
f 92/92 68/68 67/67
f 47/47 65/65 17/17
f 87/87 132/133 62/62
f 91/91 68/68 92/92
f 105/105 106/106 8/8
f 11/11 6/6 48/48
f 94/94 60/60 75/75
f 67/67 34/34 71/71
f 121/121 124/124 154/155
f 59/59 32/32 69/69
f 89/89 102/102 55/55
f 148/149 154/155 124/124
f 144/145 148/149 124/124
f 52/52 47/47 63/63
f 104/104 121/121 151/152
f 137/138 142/143 141/142
f 97/97 87/87 54/54
f 89/89 151/152 134/135
f 89/89 134/135 102/102
f 148/149 169/170 154/155
f 89/89 104/104 151/152
f 147/148 165/166 74/74
f 127/127 64/64 66/66
f 97/97 74/74 165/166
f 22/22 64/64 80/80
f 148/149 144/145 177/178
f 184/185 186/187 121/121
f 147/148 74/74 102/102
f 122/122 120/120 60/60
f 121/121 154/155 184/185
f 105/105 8/8 13/13
f 122/122 60/60 94/94
f 48/48 111/111 32/32
f 189/190 122/122 94/94
f 60/60 120/120 88/88
f 102/102 203/204 147/148
f 143/144 71/71 59/59
f 198/199 134/135 151/152
f 47/47 52/52 65/65
f 148/149 202/203 169/170
f 208/209 132/133 87/87
f 35/35 8/8 106/106
f 177/178 202/203 148/149
f 144/145 124/124 119/119
f 192/193 73/73 145/146
f 211/212 94/94 75/75
f 151/152 200/201 198/199
f 200/201 151/152 186/187
f 186/187 151/152 121/121
f 59/59 69/69 143/144
f 27/27 20/20 157/158
f 147/148 203/204 165/166
f 102/102 134/135 203/204
f 208/209 87/87 97/97
f 35/35 187/188 75/75
f 180/181 177/178 144/145
f 149/150 92/92 67/67
f 182/183 152/153 174/175
f 122/122 189/190 234/235
f 117/117 82/82 26/26
f 236/237 169/170 202/203
f 80/80 64/64 127/127
f 115/115 78/78 17/17
f 78/78 111/111 48/48
f 69/69 32/32 111/111
f 220/221 63/63 138/139
f 177/178 231/232 202/203
f 177/178 217/218 231/232
f 132/133 208/209 248/249
f 208/209 97/97 165/166
f 249/250 175/176 188/189
f 181/182 105/105 22/22
f 181/182 22/22 80/80
f 149/150 67/67 207/208
f 122/122 234/235 263/264
f 70/70 77/77 81/81
f 24/24 232/233 260/261
f 248/249 138/139 132/133
f 254/255 165/166 203/204
f 165/166 242/243 208/209
f 200/201 186/187 225/226
f 134/135 198/199 203/204
f 252/253 238/239 169/170
f 207/208 67/67 71/71
f 177/178 180/181 217/218
f 258/259 202/203 257/258
f 267/268 236/237 202/203
f 211/212 189/190 94/94
f 119/119 197/198 144/145
f 21/21 9/9 261/262
f 265/266 184/185 154/155
f 252/253 169/170 236/237
f 231/232 257/258 202/203
f 115/115 17/17 65/65
f 211/212 75/75 187/188
f 247/248 198/199 200/201
f 200/201 225/226 247/248
f 202/203 258/259 270/271
f 223/224 180/181 144/145
f 154/155 169/170 265/266
f 122/122 246/247 120/120
f 80/80 281/282 181/182
f 198/199 247/248 283/284
f 149/150 250/251 92/92
f 207/208 71/71 143/144
f 272/273 186/187 184/185
f 35/35 106/106 187/188
f 236/237 279/280 252/253
f 272/273 225/226 186/187
f 284/285 217/218 180/181
f 276/277 258/259 257/258
f 265/266 169/170 238/239
f 270/271 267/268 202/203
f 254/255 282/283 165/166
f 289/290 211/212 187/188
f 271/272 203/204 198/199
f 219/220 69/69 111/111
f 247/248 225/226 291/292
f 187/188 106/106 285/286
f 283/284 247/248 290/291
f 264/265 63/63 220/221
f 278/279 231/232 217/218
f 236/237 267/268 279/280
f 275/276 276/277 257/258
f 292/293 263/264 234/235
f 231/232 275/276 257/258
f 224/225 106/106 105/105
f 165/166 282/283 242/243
f 234/235 189/190 266/267
f 252/253 279/280 238/239
f 272/273 297/298 225/226
f 127/127 212/213 80/80
f 283/284 271/272 198/199
f 242/243 303/304 208/209
f 111/111 78/78 277/278
f 276/277 275/276 294/295
f 297/298 291/292 225/226
f 298/299 272/273 184/185
f 298/299 184/185 265/266
f 138/139 248/249 288/289
f 46/46 41/41 42/42
f 264/265 52/52 63/63
f 276/277 300/301 258/259
f 221/222 20/20 88/88
f 302/303 300/301 276/277
f 267/268 311/312 279/280
f 248/249 208/209 295/296
f 279/280 265/266 238/239
f 247/248 291/292 290/291
f 267/268 270/271 304/305
f 286/287 189/190 211/212
f 88/88 120/120 273/274
f 292/293 234/235 266/267
f 271/272 310/311 203/204
f 223/224 144/145 197/198
f 157/158 20/20 221/222
f 302/303 321/322 300/301
f 294/295 302/303 276/277
f 290/291 291/292 313/314
f 126/126 131/132 158/159
f 292/293 266/267 305/306
f 166/167 194/195 139/140
f 311/312 267/268 304/305
f 258/259 300/301 325/326
f 318/319 300/301 322/323
f 208/209 303/304 295/296
f 322/323 300/301 320/321
f 249/250 256/715 255/256
f 279/280 311/312 330/331
f 258/259 325/326 270/271
f 173/174 175/176 161/162
f 327/328 297/298 272/273
f 319/320 304/305 270/271
f 274/275 119/119 92/92
f 290/291 326/327 283/284
f 246/247 122/122 263/264
f 145/146 73/73 29/29
f 325/326 300/301 329/330
f 321/322 324/325 320/321
f 320/321 324/325 322/323
f 335/336 265/266 279/280
f 321/322 320/321 300/301
f 306/307 248/249 295/296
f 52/52 264/265 293/294
f 197/198 307/308 223/224
f 180/181 223/224 284/285
f 277/278 78/78 115/115
f 329/330 300/301 318/319
f 224/225 285/286 106/106
f 66/66 27/27 216/217
f 325/326 319/320 270/271
f 143/144 69/69 219/220
f 242/243 282/283 303/304
f 272/273 298/299 327/328
f 310/311 254/255 203/204
f 178/179 16/16 237/238
f 332/333 265/266 335/336
f 332/333 298/299 265/266
f 226/227 164/165 160/161
f 322/323 324/325 337/338
f 318/319 322/323 337/338
f 181/182 224/225 105/105
f 240/241 109/109 230/231
f 210/211 228/229 229/230
f 262/263 65/65 52/52
f 274/275 92/92 250/251
f 297/298 327/328 291/292
f 337/338 346/347 318/319
f 244/245 239/240 243/244
f 283/284 326/327 271/272
f 339/340 313/314 291/292
f 143/144 315/316 207/208
f 216/217 27/27 157/158
f 246/247 309/310 120/120
f 274/275 197/198 119/119
f 346/347 337/338 340/341
f 317/318 149/150 207/208
f 340/341 337/338 342/343
f 233/234 229/230 235/236
f 340/341 342/343 354/355
f 219/220 111/111 316/317
f 314/315 292/293 305/306
f 330/331 335/336 279/280
f 255/256 175/176 249/250
f 306/307 288/289 248/249
f 143/144 219/220 315/316
f 286/287 266/267 189/190
f 45/45 23/23 24/24
f 340/341 354/355 346/347
f 339/340 291/292 327/328
f 294/295 338/339 302/303
f 361/362 354/355 362/363
f 342/343 337/338 324/325
f 305/306 266/267 343/344
f 290/291 313/314 326/327
f 338/339 294/295 275/276
f 326/327 310/311 271/272
f 21/21 259/260 113/113
f 310/311 352/353 254/255
f 145/146 205/206 192/193
f 211/212 345/346 286/287
f 31/31 82/82 117/117
f 259/260 21/21 261/262
f 333/334 277/278 115/115
f 275/276 231/232 296/297
f 370/371 361/362 371/372
f 318/319 346/347 355/356
f 277/278 323/324 111/111
f 358/359 263/264 292/293
f 313/314 339/340 326/327
f 201/202 77/77 9/9
f 296/297 231/232 278/279
f 311/312 304/305 319/320
f 141/142 142/143 152/153
f 363/364 327/328 298/299
f 368/369 324/325 321/322
f 36/36 178/179 331/332
f 183/184 222/223 31/31
f 332/333 335/336 365/366
f 376/377 375/376 327/328
f 338/339 321/322 302/303
f 250/251 149/150 341/342
f 361/362 362/363 373/374
f 354/355 361/362 370/371
f 363/364 298/299 332/333
f 309/310 273/274 120/120
f 347/348 138/139 288/289
f 293/294 262/263 52/52
f 286/287 386/387 266/267
f 323/324 316/317 111/111
f 342/343 324/325 367/368
f 362/363 354/355 342/343
f 358/359 292/293 314/315
f 288/289 306/307 364/365
f 285/286 289/290 187/188
f 355/356 379/380 329/330
f 220/221 138/139 347/348
f 355/356 329/330 318/319
f 383/384 319/320 325/326
f 211/212 289/290 345/346
f 359/360 312/313 65/65
f 369/370 335/336 330/331
f 354/355 370/371 346/347
f 361/362 373/374 371/372
f 381/382 306/307 295/296
f 317/318 207/208 315/316
f 98/98 86/86 40/40
f 393/394 395/396 398/399
f 88/88 273/274 221/222
f 384/385 319/320 383/384
f 379/380 325/326 329/330
f 376/377 327/328 363/364
f 400/401 332/333 365/366
f 314/315 305/306 394/395
f 389/390 387/388 303/304
f 327/328 375/376 339/340
f 284/285 223/224 382/383
f 319/320 406/407 311/312
f 278/279 217/218 284/285
f 303/304 387/388 295/296
f 387/388 381/382 295/296
f 365/366 335/336 369/370
f 197/198 274/275 353/354
f 389/390 303/304 282/283
f 352/353 282/283 254/255
f 370/371 371/372 393/394
f 393/394 397/398 370/371
f 395/396 393/394 371/372
f 65/65 312/313 115/115
f 367/368 324/325 368/369
f 285/286 403/404 289/290
f 286/287 345/346 386/387
f 16/16 178/179 53/53
f 311/312 369/370 330/331
f 388/389 285/286 224/225
f 401/402 376/377 363/364
f 262/263 359/360 65/65
f 233/234 210/211 229/230
f 90/90 10/10 301/302
f 321/322 338/339 344/345
f 263/264 390/391 246/247
f 341/342 149/150 317/318
f 275/276 356/357 338/339
f 266/267 386/387 343/344
f 237/238 331/332 178/179
f 373/374 362/363 374/375
f 373/374 395/396 371/372
f 379/380 383/384 325/326
f 422/423 346/347 370/371
f 412/413 393/394 410/411
f 413/414 393/394 398/399
f 393/394 412/413 397/398
f 314/315 409/410 358/359
f 333/334 115/115 312/313
f 412/413 424/425 397/398
f 423/424 363/364 332/333
f 418/419 389/390 282/283
f 362/363 342/343 391/392
f 400/401 423/424 332/333
f 381/382 364/365 306/307
f 391/392 421/422 362/363
f 352/353 415/416 282/283
f 369/370 311/312 406/407
f 352/353 310/311 417/418
f 293/294 348/349 262/263
f 417/418 310/311 326/327
f 406/407 319/320 384/385
f 113/113 43/43 37/37
f 398/399 395/396 413/414
f 351/352 160/161 39/39
f 315/316 219/220 404/405
f 414/415 250/251 341/342
f 368/369 321/322 344/345
f 136/137 137/138 141/142
f 410/411 393/394 413/414
f 409/410 314/315 394/395
f 412/413 410/411 428/429
f 352/353 417/418 415/416
f 390/391 385/386 246/247
f 410/411 429/430 428/429
f 366/367 80/80 212/213
f 364/365 392/393 288/289
f 372/373 403/404 285/286
f 427/428 400/401 365/366
f 435/436 417/418 326/327
f 214/215 172/173 171/172
f 422/423 370/371 397/398
f 418/419 282/283 415/416
f 425/426 339/340 375/376
f 375/376 420/421 425/426
f 100/100 98/98 99/99
f 400/401 439/440 423/424
f 365/366 369/370 427/428
f 179/180 171/172 170/171
f 333/334 360/361 277/278
f 383/384 379/380 430/431
f 382/383 223/224 407/408
f 82/82 31/31 222/223
f 431/432 355/356 346/347
f 355/356 431/432 379/380
f 374/375 395/396 373/374
f 345/346 411/412 386/387
f 374/375 362/363 421/422
f 438/439 412/413 428/429
f 429/430 410/411 413/414
f 366/367 281/282 80/80
f 408/409 343/344 386/387
f 288/289 392/393 347/348
f 377/378 220/221 347/348
f 339/340 435/436 326/327
f 377/378 264/265 220/221
f 435/436 339/340 425/426
f 433/434 375/376 376/377
f 431/432 430/431 379/380
f 127/127 66/66 350/351
f 401/402 363/364 423/424
f 433/434 376/377 401/402
f 353/354 307/308 197/198
f 285/286 388/389 372/373
f 387/388 437/438 381/382
f 221/222 273/274 399/400
f 196/197 185/186 193/194
f 404/405 219/220 316/317
f 264/265 377/378 443/444
f 342/343 367/368 391/392
f 346/347 422/423 431/432
f 447/448 438/439 428/429
f 414/415 456/457 250/251
f 446/447 305/306 343/344
f 407/408 223/224 307/308
f 334/335 163/164 405/406
f 433/434 401/402 423/424
f 384/385 383/384 458/459
f 408/409 449/450 343/344
f 369/370 406/407 427/428
f 289/290 403/404 345/346
f 350/351 212/213 127/127
f 36/36 357/358 301/302
f 469/470 438/439 447/448
f 409/410 394/395 445/446
f 400/401 427/428 439/440
f 296/297 356/357 275/276
f 433/434 423/424 467/468
f 423/424 450/451 467/468
f 458/459 383/384 430/431
f 26/26 308/309 29/29
f 455/456 420/421 375/376
f 9/9 77/77 261/262
f 317/318 419/420 341/342
f 455/456 375/376 433/434
f 386/387 436/437 408/409
f 199/200 204/205 214/215
f 428/429 429/430 447/448
f 323/324 277/278 360/361
f 478/479 431/432 422/423
f 470/471 469/470 447/448
f 381/382 437/438 471/472
f 475/476 389/390 418/419
f 487/488 418/419 415/416
f 449/450 446/447 343/344
f 468/469 447/448 429/430
f 457/458 358/359 409/410
f 406/407 472/473 427/428
f 469/470 488/489 438/439
f 469/470 470/471 493/494
f 224/225 181/182 378/379
f 484/485 435/436 425/426
f 381/382 461/462 364/365
f 444/445 315/316 404/405
f 444/445 317/318 315/316
f 388/389 490/491 372/373
f 33/33 95/95 108/108
f 281/282 378/379 181/182
f 305/306 446/447 394/395
f 469/470 493/494 502/503
f 10/10 36/36 301/302
f 394/395 473/474 445/446
f 341/342 419/420 477/478
f 183/184 269/270 222/223
f 389/390 475/476 387/388
f 163/164 175/176 173/174
f 159/160 155/156 168/169
f 424/425 412/413 438/439
f 476/477 296/297 278/279
f 487/488 475/476 418/419
f 453/454 395/396 374/375
f 422/423 397/398 424/425
f 478/479 482/483 431/432
f 245/246 170/171 213/214
f 474/475 409/410 445/446
f 293/294 264/265 443/444
f 447/448 468/469 470/471
f 420/421 455/456 425/426
f 436/437 449/450 408/409
f 345/346 510/511 411/412
f 403/404 372/373 500/501
f 269/270 183/184 90/90
f 406/407 384/385 458/459
f 188/189 163/164 334/335
f 507/508 424/425 506/507
f 51/51 110/110 38/38
f 57/57 190/191 83/83
f 166/167 139/140 33/33
f 483/484 381/382 471/472
f 470/471 504/505 493/494
f 79/79 96/96 38/38
f 493/494 504/505 503/504
f 461/462 381/382 483/484
f 422/423 424/425 507/508
f 493/494 503/504 513/514
f 495/496 470/471 468/469
f 443/444 348/349 293/294
f 456/457 274/275 250/251
f 498/499 455/456 433/434
f 446/447 452/453 394/395
f 299/300 129/130 95/95
f 433/434 467/468 498/499
f 417/418 435/436 508/509
f 461/462 501/502 364/365
f 506/507 424/425 438/439
f 452/453 492/493 394/395
f 368/369 463/464 367/368
f 278/279 284/285 382/383
f 152/153 515/516 174/175
f 457/458 409/410 474/475
f 415/416 417/418 508/509
f 453/454 442/443 395/396
f 472/473 497/498 427/428
f 191/192 125/125 150/151
f 274/275 456/457 353/354
f 489/490 43/43 113/113
f 395/396 442/443 413/414
f 246/247 385/386 309/310
f 333/334 312/313 464/465
f 386/387 411/412 494/495
f 509/510 422/423 507/508
f 529/530 471/472 437/438
f 511/512 438/439 488/489
f 338/339 356/357 520/521
f 473/474 394/395 492/493
f 86/86 39/39 40/40
f 502/503 488/489 469/470
f 523/524 513/514 503/504
f 10/10 90/90 56/56
f 26/26 29/29 25/25
f 196/197 193/194 199/200
f 396/397 366/367 212/213
f 84/84 43/43 426/427
f 483/484 471/472 527/528
f 488/489 540/541 511/512
f 308/309 145/146 29/29
f 449/450 499/500 446/447
f 506/507 438/439 511/512
f 470/471 495/496 535/536
f 436/437 386/387 494/495
f 513/514 533/534 493/494
f 528/529 445/446 526/527
f 487/488 415/416 508/509
f 356/357 296/297 476/477
f 135/136 107/107 146/147
f 435/436 539/540 546/547
f 333/334 464/465 360/361
f 522/523 462/463 316/317
f 406/407 458/459 472/473
f 431/432 482/483 485/486
f 485/486 430/431 431/432
f 205/206 137/138 136/137
f 484/485 425/426 539/540
f 516/517 544/545 455/456
f 538/539 387/388 475/476
f 378/379 388/389 224/225
f 345/346 403/404 510/511
f 465/549 128/128 126/126
f 359/360 262/263 348/349
f 478/479 422/423 509/510
f 316/317 462/463 404/405
f 382/383 459/460 278/279
f 504/505 523/524 503/504
f 364/365 501/502 392/393
f 499/500 452/453 446/447
f 513/514 548/550 533/534
f 460/461 129/130 465/466
f 439/440 427/428 497/498
f 542/543 502/503 493/494
f 425/426 455/456 544/545
f 227/228 43/43 84/84
f 466/467 390/391 263/264
f 437/438 387/388 538/539
f 435/436 484/485 539/540
f 171/172 480/481 214/215
f 516/517 455/456 498/499
f 508/509 475/476 487/488
f 474/475 445/446 528/529
f 496/497 490/491 388/389
f 510/511 494/495 411/412
f 523/524 548/550 513/514
f 413/414 442/443 440/441
f 497/498 472/473 458/459
f 439/440 553/555 423/424
f 26/26 558/560 117/117
f 440/441 429/430 413/414
f 161/162 158/159 131/132
f 542/543 493/494 533/534
f 531/532 385/386 390/391
f 40/40 39/39 44/44
f 540/541 488/489 502/503
f 414/415 341/342 477/478
f 437/438 538/539 529/530
f 445/446 473/474 526/527
f 504/505 470/471 534/535
f 366/367 505/506 537/538
f 559/561 467/468 450/451
f 377/378 347/348 392/393
f 77/77 70/70 76/76
f 350/351 66/66 216/217
f 548/550 573/575 533/534
f 366/367 396/397 505/506
f 317/318 444/445 419/420
f 39/39 160/161 164/165
f 312/313 359/360 547/548
f 316/317 323/324 522/523
f 451/452 157/158 221/222
f 497/498 553/555 439/440
f 90/90 301/302 269/270
f 529/530 527/528 471/472
f 429/430 524/525 468/469
f 82/82 222/223 519/520
f 118/118 155/156 159/160
f 388/389 378/379 496/497
f 485/486 458/459 430/431
f 481/482 323/324 360/361
f 567/569 509/510 507/508
f 549/551 542/543 533/534
f 49/49 167/168 84/84
f 366/367 496/497 281/282
f 474/475 562/564 578/580
f 548/550 523/524 565/567
f 407/408 307/308 543/544
f 536/537 348/349 443/444
f 474/475 528/529 562/564
f 530/531 307/308 353/354
f 423/424 559/561 450/451
f 403/404 500/501 575/577
f 396/397 212/213 512/513
f 575/577 510/511 403/404
f 467/468 559/561 564/566
f 281/282 496/497 378/379
f 458/459 579/581 497/498
f 348/349 536/537 359/360
f 498/499 467/468 564/566
f 142/143 515/516 152/153
f 128/129 129/130 299/300
f 495/496 468/469 524/525
f 568/570 475/476 508/509
f 561/563 367/368 463/464
f 502/503 542/543 540/541
f 195/196 90/90 183/184
f 573/575 581/583 533/534
f 549/551 533/534 581/583
f 492/493 592/594 473/474
f 452/453 499/500 572/574
f 547/548 464/465 312/313
f 182/183 194/195 166/167
f 131/132 405/406 173/174
f 544/545 539/540 425/426
f 435/436 546/547 508/509
f 174/175 541/542 182/183
f 567/569 507/508 566/568
f 353/354 456/457 545/546
f 466/467 263/264 358/359
f 175/176 163/164 188/189
f 549/551 580/582 542/543
f 565/567 573/575 548/550
f 429/430 440/441 524/525
f 268/269 150/151 146/147
f 476/477 278/279 459/460
f 573/575 614/616 607/609
f 485/486 482/483 602/604
f 528/529 593/595 601/603
f 598/600 540/541 542/543
f 336/337 205/206 136/137
f 482/483 478/479 619/621
f 205/206 145/146 550/552
f 559/561 423/424 553/555
f 466/467 358/359 448/449
f 538/539 475/476 568/570
f 534/535 470/471 535/536
f 516/517 498/499 564/566
f 110/110 83/83 190/191
f 530/531 353/354 545/546
f 588/590 507/508 506/507
f 613/615 506/507 511/512
f 508/509 546/547 568/570
f 534/535 523/524 504/505
f 594/596 478/479 509/510
f 528/529 526/527 593/595
f 481/482 522/523 323/324
f 38/38 416/417 51/51
f 273/274 309/310 514/515
f 518/519 501/502 461/462
f 404/405 462/463 577/579
f 561/563 391/392 367/368
f 599/601 572/574 499/500
f 338/339 557/559 344/345
f 414/415 596/598 456/457
f 628/630 607/609 614/616
f 476/477 586/588 356/357
f 586/588 520/521 356/357
f 103/103 112/112 156/157
f 572/574 492/493 452/453
f 573/575 607/609 581/583
f 419/420 444/445 631/633
f 399/400 451/452 221/222
f 405/406 163/164 173/174
f 273/274 514/515 399/400
f 606/608 573/575 565/567
f 625/627 562/564 528/529
f 126/126 128/128 591/593
f 578/580 457/458 474/475
f 82/82 308/309 26/26
f 12/12 532/533 70/70
f 566/568 507/508 639/641
f 507/508 588/590 639/641
f 523/524 584/586 615/617
f 436/437 587/589 449/450
f 625/627 528/529 601/603
f 529/530 538/539 632/634
f 377/378 392/393 521/522
f 451/452 216/217 157/158
f 235/236 328/329 233/234
f 463/464 368/369 344/345
f 652/654 581/583 607/609
f 511/512 540/541 626/628
f 606/608 614/616 573/575
f 404/405 577/579 444/445
f 476/477 459/460 633/635
f 553/555 497/498 645/647
f 592/594 492/493 572/574
f 496/497 366/367 537/538
f 499/500 449/450 622/624
f 193/194 185/186 654/656
f 607/609 628/630 629/631
f 638/640 509/510 567/569
f 461/462 582/584 518/519
f 338/339 600/602 557/559
f 556/558 463/464 344/345
f 481/482 360/361 525/526
f 396/397 552/554 505/506
f 458/459 485/486 637/639
f 568/570 659/661 538/539
f 582/584 461/462 483/484
f 619/621 602/604 482/483
f 588/590 506/507 613/615
f 483/484 527/528 641/643
f 613/615 511/512 626/628
f 540/541 598/600 663/665
f 645/647 497/498 579/581
f 545/546 456/457 596/598
f 584/586 523/524 534/535
f 587/589 622/624 449/450
f 462/463 667/669 577/579
f 509/510 638/640 594/596
f 605/607 443/444 377/378
f 549/551 642/644 580/582
f 592/594 526/527 473/474
f 657/659 549/551 581/583
f 565/567 655/657 606/608
f 618/620 628/630 614/616
f 308/309 82/82 434/435
f 597/599 359/360 536/537
f 390/391 466/467 531/532
f 674/676 544/545 516/517
f 459/460 382/383 633/635
f 414/415 477/478 620/622
f 485/486 602/604 637/639
f 621/623 579/581 458/459
f 569/571 453/454 374/375
f 374/375 421/422 569/571
f 133/134 118/118 159/160
f 587/589 494/495 611/613
f 587/589 436/437 494/495
f 606/608 618/620 614/616
f 621/623 458/459 637/639
f 629/631 652/654 607/609
f 642/644 549/551 640/642
f 618/620 658/660 628/630
f 530/531 543/544 307/308
f 630/632 490/491 496/497
f 659/661 632/634 538/539
f 155/156 118/118 153/154
f 593/595 651/653 601/603
f 269/270 678/680 222/223
f 505/506 574/576 537/538
f 589/591 350/351 216/217
f 512/513 660/662 396/397
f 392/393 501/502 521/522
f 559/561 684/686 564/566
f 350/351 512/513 212/213
f 657/659 640/642 549/551
f 572/574 599/601 683/685
f 546/547 539/540 679/681
f 626/628 540/541 663/665
f 586/588 669/671 520/521
f 96/96 107/107 402/403
f 661/663 559/561 553/555
f 666/668 259/260 261/262
f 545/546 596/598 664/666
f 516/517 564/566 674/676
f 635/637 494/495 510/511
f 510/511 575/577 635/637
f 527/528 529/530 632/634
f 619/621 637/639 602/604
f 359/360 597/599 547/548
f 532/533 76/76 70/70
f 525/526 360/361 464/465
f 239/240 240/241 230/231
f 600/602 338/339 520/521
f 16/16 49/49 237/238
f 419/420 631/633 477/478
f 596/598 414/415 620/622
f 584/586 534/535 686/688
f 702/704 703/705 664/724
f 551/553 358/359 457/458
f 542/543 580/582 598/600
f 693/695 652/654 629/631
f 565/567 523/524 615/617
f 524/525 440/441 624/626
f 629/631 628/630 670/725
f 592/594 593/595 526/527
f 619/621 478/479 699/701
f 495/496 524/525 535/536
f 683/685 592/594 572/574
f 559/561 661/663 684/686
f 659/661 568/570 662/664
f 556/558 344/345 557/559
f 673/675 539/540 544/545
f 451/452 589/591 216/217
f 620/622 477/478 631/633
f 667/669 462/463 522/523
f 560/562 440/441 442/443
f 601/603 651/653 704/706
f 552/554 574/576 505/506
f 639/641 697/699 566/568
f 205/206 609/611 137/138
f 546/547 662/664 568/570
f 633/635 382/383 675/677
f 661/663 553/555 688/690
f 168/169 155/156 185/186
f 478/479 700/702 699/701
f 673/675 679/681 539/540
f 478/479 594/596 700/702
f 86/86 351/352 39/39
f 531/532 623/625 385/386
f 25/25 558/560 26/26
f 592/594 698/700 593/595
f 43/43 489/490 595/597
f 670/725 628/630 658/660
f 615/617 655/657 565/567
f 605/607 377/378 636/638
f 521/522 501/502 668/670
f 372/373 490/491 500/501
f 567/569 566/568 638/640
f 697/699 638/640 566/568
f 499/500 622/624 599/601
f 578/580 562/564 676/678
f 527/528 632/634 721/726
f 722/728 674/676 564/566
f 701/703 637/639 619/621
f 553/555 645/647 688/690
f 82/82 519/520 434/435
f 564/566 684/686 722/728
f 724/730 663/665 598/600
f 131/132 173/174 161/162
f 579/581 723/729 645/647
f 601/603 704/706 625/627
f 269/270 301/302 648/650
f 583/585 269/270 650/652
f 544/545 674/676 673/675
f 160/161 479/480 226/227
f 633/635 669/671 586/588
f 634/636 38/38 96/96
f 77/77 690/692 261/262
f 719/741 664/666 596/598
f 664/724 719/722 702/704
f 703/719 545/546 664/666
f 692/694 707/752 671/673
f 707/709 629/631 670/725
f 535/536 524/525 685/687
f 259/260 612/614 113/113
f 698/700 651/653 593/595
f 700/702 594/596 638/640
f 739/746 651/653 698/700
f 514/515 656/658 399/400
f 551/553 448/449 358/359
f 123/123 98/98 40/40
f 723/729 579/581 621/623
f 691/693 545/546 703/719
f 710/712 655/657 615/617
f 671/673 707/752 670/672
f 719/741 596/598 718/727
f 620/622 717/721 718/727
f 658/660 618/620 672/674
f 443/444 605/607 536/537
f 595/597 426/427 43/43
f 426/427 603/605 84/84
f 641/643 527/528 737/744
f 742/749 662/664 546/547
f 699/701 701/703 619/621
f 709/711 494/495 635/637
f 677/679 534/535 535/536
f 632/634 736/743 721/726
f 675/677 382/383 407/408
f 695/697 308/309 434/435
f 545/546 691/693 530/531
f 718/727 596/598 620/622
f 719/722 718/727 717/721
f 586/588 476/477 633/635
f 36/36 649/651 357/358
f 631/633 444/445 577/579
f 687/689 520/521 669/671
f 494/495 709/711 611/613
f 618/620 606/608 672/674
f 598/600 580/582 642/644
f 357/358 648/650 301/302
f 716/720 442/443 453/454
f 440/441 560/562 706/708
f 714/717 407/408 543/544
f 624/626 685/687 524/525
f 639/641 588/590 697/699
f 501/502 518/519 668/670
f 128/129 465/466 129/130
f 588/590 613/615 697/699
f 727/733 736/743 632/634
f 632/634 659/661 746/754
f 701/703 621/623 637/639
f 626/628 738/745 613/615
f 641/643 694/696 483/484
f 598/600 642/644 726/732
f 652/654 760/769 581/583
f 442/443 716/720 560/562
f 724/730 598/600 726/732
f 541/542 174/175 515/516
f 713/716 561/563 463/464
f 746/754 727/733 632/634
f 627/629 490/491 630/632
f 161/162 175/176 176/177
f 578/580 705/707 457/458
f 440/441 706/708 624/626
f 537/538 630/632 496/497
f 713/716 463/464 556/558
f 701/703 723/729 621/623
f 683/685 744/751 592/594
f 673/675 674/676 743/750
f 139/140 194/195 708/710
f 721/726 737/744 527/528
f 546/547 679/681 742/749
f 581/583 760/769 657/659
f 750/759 584/586 741/748
f 671/673 670/672 712/714
f 670/725 658/660 767/776
f 90/90 195/196 590/592
f 651/653 731/737 704/706
f 767/804 712/714 670/672
f 519/520 222/223 678/680
f 747/756 530/531 691/693
f 752/761 642/644 640/642
f 486/487 77/77 76/76
f 172/173 170/171 171/172
f 764/773 697/699 613/615
f 704/706 732/738 625/627
f 675/677 407/408 714/717
f 535/536 685/687 677/679
f 500/501 490/491 730/736
f 199/200 214/215 480/481
f 620/622 631/633 768/777
f 722/728 684/686 661/663
f 626/628 663/665 738/745
f 521/522 636/638 377/378
f 686/688 534/535 734/740
f 741/748 584/586 686/688
f 755/764 746/754 662/664
f 550/552 609/611 205/206
f 560/562 716/720 766/775
f 745/753 606/608 655/657
f 582/584 783/792 668/670
f 755/764 662/664 742/749
f 645/647 723/729 688/690
f 759/768 683/685 599/601
f 779/788 732/738 704/706
f 725/731 536/537 605/607
f 772/781 723/729 701/703
f 192/193 205/206 336/337
f 737/744 776/785 641/643
f 480/481 171/172 555/557
f 754/763 453/454 569/571
f 738/745 764/773 613/615
f 767/776 658/660 711/713
f 746/754 659/661 662/664
f 762/771 391/392 561/563
f 629/631 707/709 693/695
f 31/31 665/667 183/184
f 756/765 638/640 697/699
f 756/765 700/702 638/640
f 464/465 547/548 733/739
f 717/721 620/622 768/777
f 543/544 530/531 747/756
f 633/635 748/757 777/786
f 758/767 704/706 731/737
f 701/703 699/701 780/789
f 554/556 57/57 83/83
f 23/23 112/112 103/103
f 678/680 269/270 583/585
f 182/183 708/710 194/195
f 739/746 788/797 763/772
f 657/659 774/783 640/642
f 630/632 537/538 749/758
f 600/602 520/521 687/689
f 103/103 156/157 280/281
f 739/746 763/772 651/653
f 714/717 543/544 747/756
f 592/594 791/800 698/700
f 663/665 809/820 738/745
f 706/708 560/562 766/775
f 713/716 762/771 561/563
f 708/710 182/183 541/542
f 269/270 648/650 650/652
f 811/822 778/787 700/702
f 709/711 751/760 611/613
f 615/617 584/586 750/759
f 531/532 466/467 681/683
f 575/577 805/815 635/637
f 554/556 12/12 57/57
f 673/675 743/750 793/802
f 642/644 752/761 726/732
f 673/675 793/802 679/681
f 547/548 770/779 733/739
f 756/765 781/790 700/702
f 752/761 640/642 774/783
f 801/811 722/728 661/663
f 801/811 674/676 722/728
f 699/701 700/702 778/787
f 813/824 688/690 723/729
f 84/84 603/605 49/49
f 797/807 758/767 731/737
f 702/704 719/722 717/721
f 691/755 703/705 787/816
f 700/702 781/790 811/822
f 747/756 691/693 787/796
f 701/703 794/803 772/781
f 490/491 627/629 730/736
f 518/519 582/584 668/670
f 748/757 633/635 675/677
f 762/771 569/571 421/422
f 633/635 777/786 669/671
f 113/113 612/614 489/490
f 779/788 704/706 758/767
f 822/833 648/650 357/358
f 711/713 658/660 672/674
f 720/723 33/33 139/140
f 810/821 661/663 799/809
f 798/808 743/750 674/676
f 725/731 597/599 536/537
f 824/835 693/695 707/709
f 785/794 707/752 692/694
f 481/482 804/814 522/523
f 479/480 244/245 226/227
f 817/828 787/816 703/705
f 803/813 661/663 688/690
f 454/455 405/406 131/132
f 801/811 661/663 810/821
f 799/809 661/663 803/813
f 259/260 666/668 612/614
f 795/805 759/768 622/624
f 697/699 764/773 796/806
f 694/696 582/584 483/484
f 432/433 140/141 218/219
f 525/526 784/793 481/482
f 820/831 737/744 808/819
f 737/744 721/726 808/819
f 500/501 730/736 729/735
f 615/617 750/759 807/818
f 697/699 796/806 756/765
f 778/787 780/789 699/701
f 651/653 763/772 832/844
f 625/627 732/738 769/778
f 16/16 53/53 647/649
f 674/676 801/811 798/808
f 692/694 671/673 761/770
f 693/695 760/769 652/654
f 655/657 710/712 807/818
f 575/577 729/735 805/815
f 113/113 37/37 608/610
f 825/837 701/703 780/789
f 723/729 772/781 813/824
f 789/798 672/674 606/608
f 744/751 791/800 592/594
f 832/844 731/737 651/653
f 16/16 647/649 49/49
f 610/612 118/118 133/134
f 622/624 759/768 599/601
f 786/795 624/626 706/708
f 804/814 667/669 522/523
f 786/795 685/687 624/626
f 570/572 309/310 385/386
f 486/487 563/565 77/77
f 760/769 843/855 657/659
f 331/332 649/651 36/36
f 569/571 762/771 754/763
f 829/841 726/732 752/761
f 550/552 145/146 308/309
f 677/679 734/740 534/535
f 256/257 328/329 235/236
f 587/589 795/805 622/624
f 742/749 746/754 755/764
f 838/850 793/802 743/750
f 758/767 802/812 779/788
f 829/841 724/730 726/732
f 716/720 827/839 766/775
f 851/863 725/731 605/607
f 835/847 809/820 663/665
f 685/687 786/795 782/791
f 703/705 702/704 817/828
f 570/572 385/386 623/625
f 816/827 713/716 556/558
f 825/837 794/803 701/703
f 825/837 840/852 794/803
f 521/522 668/670 765/774
f 167/168 49/49 647/649
f 772/781 794/803 826/838
f 500/501 729/735 575/577
f 555/557 171/172 179/180
f 611/613 830/842 587/589
f 848/860 679/681 793/802
f 110/110 571/573 682/684
f 793/802 838/850 848/860
f 796/806 781/790 756/765
f 239/240 617/619 240/241
f 780/789 853/865 825/837
f 525/526 464/465 733/739
f 597/599 757/766 547/548
f 813/824 803/813 688/690
f 835/847 663/665 724/730
f 657/659 843/855 774/783
f 762/771 421/422 391/392
f 716/720 453/454 754/763
f 745/753 789/798 606/608
f 849/861 727/733 746/754
f 577/579 667/669 812/823
f 837/849 768/777 631/633
f 721/726 736/743 854/866
f 702/704 717/721 836/848
f 758/767 797/807 866/878
f 707/752 785/794 824/836
f 748/757 675/677 818/829
f 676/678 562/564 654/656
f 834/846 760/769 693/695
f 752/761 847/859 829/841
f 827/839 706/708 766/775
f 788/797 739/746 815/826
f 742/749 865/877 746/754
f 782/791 677/679 685/687
f 843/855 760/769 850/862
f 874/886 829/841 847/859
f 829/841 861/873 724/730
f 752/761 862/874 847/859
f 846/858 686/688 734/740
f 631/633 577/579 837/849
f 747/756 869/881 714/717
f 457/458 705/707 551/553
f 81/81 77/77 201/202
f 804/814 481/482 784/793
f 655/657 807/818 823/834
f 846/858 741/748 686/688
f 710/712 615/617 807/818
f 623/625 531/532 681/683
f 826/838 855/867 772/781
f 655/657 823/834 745/753
f 814/825 600/602 687/689
f 694/696 833/845 582/584
f 813/824 772/781 855/867
f 832/844 797/807 731/737
f 667/669 804/814 812/823
f 810/821 799/809 803/813
f 245/246 213/214 232/233
f 837/849 577/579 812/823
f 784/793 525/526 733/739
f 717/721 768/777 836/848
f 724/730 861/873 835/847
f 862/874 752/761 774/783
f 708/710 720/723 139/140
f 808/819 721/726 854/866
f 687/689 669/671 814/825
f 875/887 798/808 801/811
f 625/627 769/778 771/780
f 817/828 702/704 878/890
f 860/872 770/779 547/548
f 299/300 881/933 128/129
f 714/717 818/829 675/677
f 871/883 734/740 677/679
f 778/787 853/865 780/789
f 829/841 874/886 861/873
f 727/733 854/866 736/743
f 776/785 694/696 641/643
f 811/822 781/790 868/880
f 672/674 789/798 711/713
f 886/898 811/822 868/880
f 889/901 767/776 711/713
f 890/902 806/817 767/804
f 261/262 690/692 666/668
f 870/882 738/745 809/820
f 867/879 679/681 848/860
f 865/877 849/861 746/754
f 830/842 611/613 751/760
f 791/800 739/746 698/700
f 759/768 744/751 683/685
f 349/350 239/240 230/231
f 867/879 742/749 679/681
f 865/877 742/749 895/907
f 794/803 887/899 826/838
f 836/848 878/890 702/704
f 600/602 556/558 557/559
f 827/839 716/720 844/856
f 597/599 725/731 842/854
f 843/855 862/874 774/783
f 765/774 636/638 521/522
f 671/673 712/714 806/817
f 834/846 850/862 760/769
f 785/794 882/894 824/836
f 159/160 168/169 517/518
f 650/652 678/680 583/585
f 168/169 185/186 196/197
f 764/773 873/885 796/806
f 868/880 781/790 796/806
f 840/852 896/908 794/803
f 170/171 215/216 213/214
f 826/838 883/895 855/867
f 514/515 309/310 570/572
f 627/629 852/864 730/736
f 556/558 839/851 816/827
f 795/805 587/589 830/842
f 806/817 712/714 767/804
f 646/648 643/645 93/93
f 537/538 715/718 749/758
f 720/723 95/95 33/33
f 858/870 748/757 818/829
f 885/897 727/733 849/861
f 873/885 872/884 796/806
f 803/813 901/913 810/821
f 738/745 884/896 764/773
f 826/838 887/899 883/895
f 788/797 891/903 763/772
f 552/554 396/397 660/662
f 792/801 36/36 10/10
f 844/856 716/720 754/763
f 802/812 758/767 903/915
f 512/513 350/351 589/591
f 768/777 837/849 864/876
f 869/881 747/756 831/843
f 916/928 835/847 861/873
f 280/281 251/252 101/101
f 840/852 825/837 911/923
f 908/920 570/572 623/625
f 21/21 113/113 608/610
f 142/143 137/138 609/611
f 919/931 866/878 797/807
f 810/821 901/913 905/917
f 861/873 874/886 912/924
f 828/840 608/610 37/37
f 671/673 806/817 761/770
f 887/899 794/803 896/908
f 783/792 582/584 833/845
f 839/851 556/558 600/602
f 550/552 308/309 695/697
f 833/845 694/696 859/871
f 901/913 803/813 909/921
f 885/897 854/866 727/733
f 742/749 867/879 895/907
f 813/824 909/921 803/813
f 831/843 747/756 787/796
f 669/671 845/857 814/825
f 850/862 921/934 843/855
f 201/202 9/9 491/492
f 762/771 713/716 816/827
f 926/939 796/806 872/884
f 49/49 616/618 237/238
f 886/898 920/932 811/822
f 77/77 942/956 690/692
f 884/896 873/885 764/773
f 825/837 853/865 911/923
f 759/768 795/805 910/922
f 801/811 810/821 875/887
f 590/592 56/56 90/90
f 692/694 761/770 785/794
f 934/947 884/896 738/745
f 547/548 757/766 860/872
f 753/762 790/799 170/171
f 870/882 934/947 738/745
f 451/452 399/400 740/747
f 49/49 603/605 616/618
f 775/784 466/467 448/449
f 834/846 693/695 824/835
f 706/708 827/839 917/929
f 915/948 831/843 787/796
f 948/962 768/777 864/876
f 891/903 832/844 763/772
f 740/747 399/400 656/658
f 950/964 848/860 838/850
f 903/915 758/767 866/878
f 797/807 832/844 923/936
f 796/806 926/939 868/880
f 689/691 24/24 23/23
f 754/763 762/771 897/909
f 897/909 892/904 754/763
f 784/793 733/739 880/892
f 280/281 101/101 644/646
f 778/787 933/946 853/865
f 845/857 669/671 777/786
f 680/682 210/211 233/234
f 904/916 818/829 714/717
f 812/823 864/876 837/849
f 604/606 114/114 140/141
f 126/126 158/159 465/549
f 810/821 905/917 875/887
f 838/850 743/750 798/808
f 871/883 846/858 734/740
f 869/881 876/888 714/717
f 809/820 958/972 870/882
f 811/822 920/932 778/787
f 748/757 858/870 777/786
f 955/969 849/861 865/877
f 824/835 939/1033 834/846
f 537/538 574/576 715/718
f 597/599 842/854 757/766
f 789/798 745/753 913/925
f 83/83 110/110 682/684
f 862/874 874/886 847/859
f 933/946 911/923 853/865
f 840/852 911/923 896/908
f 28/28 72/72 643/645
f 880/892 733/739 770/779
f 808/819 854/866 941/955
f 955/969 865/877 895/907
f 791/800 744/751 922/935
f 950/964 867/879 848/860
f 654/656 562/564 771/780
f 901/913 909/921 925/938
f 815/826 739/746 791/800
f 920/932 886/898 868/880
f 775/784 681/683 466/467
f 916/928 946/960 809/820
f 809/820 835/847 916/928
f 918/930 668/670 783/792
f 750/759 936/950 807/818
f 610/612 116/116 118/118
f 653/655 199/200 480/481
f 889/901 711/713 914/926
f 890/986 767/776 889/901
f 786/795 927/940 782/791
f 857/869 627/629 630/632
f 636/638 765/774 907/919
f 907/919 605/607 636/638
f 845/857 777/786 858/870
f 912/924 874/886 972/987
f 958/972 809/820 946/960
f 874/886 862/874 972/987
f 844/856 754/763 892/904
f 872/884 873/885 926/939
f 819/830 822/833 357/358
f 977/992 925/938 909/921
f 949/963 888/900 802/812
f 933/946 778/787 964/978
f 813/824 951/965 909/921
f 912/924 916/928 861/873
f 921/934 862/874 843/855
f 791/800 962/976 815/826
f 813/824 855/867 951/965
f 973/988 951/965 855/867
f 920/932 964/978 778/787
f 919/931 797/807 898/910
f 868/880 926/939 920/932
f 953/967 817/828 878/890
f 785/794 900/912 882/894
f 817/828 970/984 787/816
f 519/520 937/951 434/435
f 904/916 714/717 876/888
f 771/780 769/778 971/985
f 875/887 985/1000 965/979
f 884/896 934/947 873/885
f 762/771 947/961 938/952
f 694/696 776/785 859/871
f 802/812 888/900 779/788
f 798/808 965/979 838/850
f 875/887 965/979 798/808
f 882/894 939/953 824/836
f 895/907 974/989 955/969
f 218/219 140/141 380/381
f 891/903 788/797 928/941
f 896/908 998/1013 887/899
f 103/103 689/691 23/23
f 951/965 992/1007 909/921
f 857/869 852/864 627/629
f 917/929 786/795 706/708
f 870/882 958/972 934/947
f 906/918 776/785 737/744
f 979/994 921/934 850/862
f 745/753 823/834 913/925
f 532/533 893/905 76/76
f 982/997 849/861 955/969
f 834/846 939/1033 899/911
f 842/854 725/731 851/863
f 787/816 970/984 915/927
f 990/1005 849/861 982/997
f 875/887 905/917 988/1003
f 897/909 762/771 938/952
f 957/971 876/888 869/881
f 744/751 929/942 922/935
f 729/735 730/736 961/975
f 759/768 1003/1018 959/973
f 899/911 850/862 834/846
f 923/936 898/910 797/807
f 434/435 937/951 695/697
f 142/143 931/944 515/516
f 989/1004 885/897 849/861
f 900/912 785/794 935/949
f 883/895 993/1008 855/867
f 762/771 816/827 947/961
f 883/895 887/899 993/1008
f 906/918 737/744 820/831
f 926/939 1010/1025 920/932
f 788/797 815/826 928/941
f 776/785 906/918 1005/1020
f 986/1001 964/978 920/932
f 989/1004 849/861 990/1005
f 989/1004 854/866 885/897
f 940/954 709/711 635/637
f 952/966 939/953 882/894
f 945/959 913/925 823/834
f 831/843 915/948 869/881
f 978/993 903/915 866/878
f 995/1010 896/908 911/923
f 802/812 903/915 949/963
f 968/982 761/770 806/817
f 964/978 911/923 933/946
f 914/926 711/713 994/1009
f 907/919 851/863 605/607
f 836/848 768/777 948/962
f 912/924 972/987 916/928
f 1024/1041 862/874 921/934
f 1005/1020 967/981 776/785
f 1012/1027 901/913 925/938
f 591/593 128/128 881/893
f 940/954 751/760 709/711
f 983/998 903/915 978/993
f 982/997 955/969 1018/1034
f 878/890 836/848 948/962
f 1018/1034 955/969 974/989
f 970/984 817/828 953/967
f 920/932 1010/1025 986/1001
f 776/785 924/937 859/871
f 862/874 1022/1039 972/987
f 765/774 668/670 918/930
f 839/851 600/602 814/825
f 1010/1025 926/939 1019/1035
f 867/879 950/964 1021/1038
f 357/358 649/651 819/830
f 977/992 909/921 1013/1028
f 925/938 977/992 1012/1027
f 901/913 988/1003 905/917
f 785/794 761/770 935/949
f 1026/1043 934/947 958/972
f 1023/1040 973/988 855/867
f 940/954 1001/1016 751/760
f 589/591 243/244 512/513
f 919/931 898/910 1033/1050
f 983/998 949/963 903/915
f 1025/1042 974/989 895/907
f 1011/1026 998/1013 896/908
f 1011/1026 896/908 995/1010
f 711/713 789/798 960/974
f 729/735 961/975 805/815
f 744/751 759/768 959/973
f 635/637 991/1006 940/954
f 923/936 832/844 891/903
f 926/939 1034/1051 1019/1035
f 1034/1051 926/939 873/885
f 1025/1042 895/907 867/879
f 1012/1027 988/1003 901/913
f 854/866 989/1004 941/955
f 929/942 744/751 959/973
f 950/964 838/850 965/979
f 790/799 179/180 170/171
f 678/680 650/652 877/889
f 551/553 705/707 118/118
f 1003/1018 759/768 910/922
f 968/982 935/949 761/770
f 963/977 830/842 751/760
f 916/928 999/1014 946/960
f 844/856 917/929 827/839
f 899/911 979/994 850/862
f 1015/1053 899/911 939/1033
f 869/881 915/948 1000/1015
f 1023/1040 855/867 993/1008
f 995/1010 911/923 1032/1049
f 954/968 519/520 678/680
f 562/564 625/627 771/780
f 814/825 1008/1023 839/851
f 650/652 648/650 822/833
f 934/947 1055/1073 873/885
f 998/1013 993/1008 887/899
f 757/766 842/854 969/983
f 899/911 1016/1031 979/994
f 195/196 183/184 665/667
f 983/998 978/993 1037/1055
f 331/332 237/238 863/875
f 1026/1043 958/972 946/960
f 945/959 823/834 807/818
f 711/713 960/974 994/1009
f 135/136 402/403 107/107
f 1000/1036 915/927 1031/1048
f 890/902 1004/1019 806/817
f 888/900 949/963 987/1002
f 779/788 888/900 215/216
f 783/792 833/845 918/930
f 988/1003 985/1000 875/887
f 808/819 941/955 1038/1056
f 609/611 550/552 856/868
f 140/141 114/114 130/131
f 979/994 1057/1075 921/934
f 750/759 1017/1032 936/950
f 992/1007 1039/1057 909/921
f 946/960 999/1014 1026/1043
f 728/734 125/125 28/28
f 964/978 1043/1061 1032/1049
f 917/929 1050/1068 786/795
f 967/981 924/937 776/785
f 1004/1019 968/982 806/817
f 986/1001 1043/1061 964/978
f 907/919 765/774 944/958
f 795/805 830/842 910/922
f 635/637 805/815 991/1006
f 1032/1049 911/923 964/978
f 42/42 800/810 101/101
f 1007/1022 741/748 846/858
f 1007/1022 750/759 741/748
f 860/872 997/1012 770/779
f 997/1012 880/892 770/779
f 873/885 1071/1089 1034/1051
f 576/578 117/117 558/560
f 178/179 696/698 53/53
f 1040/1058 751/760 1001/1016
f 1055/1073 1052/1070 873/885
f 1037/1055 1044/1062 983/998
f 1010/1025 1019/1035 1068/1086
f 867/879 1021/1038 1047/1065
f 1055/1073 934/947 1026/1043
f 812/823 804/814 864/876
f 951/965 1039/1057 992/1007
f 988/1003 1012/1027 1054/1072
f 1053/1071 1011/1026 995/1010
f 1064/1082 990/1005 982/997
f 1029/1046 859/871 924/937
f 656/658 514/515 996/1011
f 1035/1052 953/967 878/890
f 951/965 973/988 1041/1059
f 892/904 897/909 1049/1067
f 1032/1049 1053/1071 995/1010
f 550/552 695/697 1027/1044
f 936/950 1065/1083 807/818
f 210/211 680/682 41/41
f 280/281 644/646 103/103
f 1052/1070 1071/1089 873/885
f 928/941 1051/1069 891/903
f 757/766 1028/1045 860/872
f 1017/1032 750/759 1007/1022
f 1047/1065 1025/1042 867/879
f 1066/1084 833/845 859/871
f 965/979 1042/1060 950/964
f 939/953 981/996 1015/1030
f 982/997 1018/1034 1064/1082
f 1015/1053 1016/1031 899/911
f 974/989 1025/1042 1018/1034
f 612/614 1080/1098 489/490
f 862/874 1024/1041 1022/1039
f 769/778 732/738 779/788
f 1031/1048 915/927 970/984
f 515/516 1067/1085 541/542
f 989/1004 1076/1094 941/955
f 951/965 1041/1059 1039/1057
f 808/819 1038/1056 820/831
f 893/905 486/487 76/76
f 952/966 981/996 939/953
f 882/894 900/912 952/966
f 1051/1069 923/936 891/903
f 816/827 839/851 1020/1037
f 1069/1087 916/928 972/987
f 1077/1095 1008/1023 814/825
f 989/1004 990/1005 1064/1082
f 909/921 1039/1057 1013/1028
f 954/968 678/680 877/889
f 1030/1047 818/829 904/916
f 988/1003 1088/1107 985/1000
f 807/818 1065/1083 945/959
f 910/922 830/842 963/977
f 1013/1028 1012/1027 977/992
f 999/1014 916/928 1069/1087
f 705/707 578/580 153/154
f 997/1012 1072/1090 880/892
f 1035/1052 1096/1115 953/967
f 907/919 1061/1079 851/863
f 851/863 1101/1120 842/854
f 1026/1043 1094/1113 1052/1070
f 869/881 1000/1015 957/971
f 1026/1043 1052/1070 1055/1073
f 804/814 784/793 1002/1017
f 1025/1042 1087/1106 1018/1034
f 1085/1103 1032/1049 1043/1061
f 110/110 51/51 571/573
f 1018/1034 1087/1106 1064/1082
f 749/758 857/869 630/632
f 1047/1065 1110/1129 1025/1042
f 1042/1060 1021/1038 950/964
f 1000/1036 1031/1048 957/1104
f 681/683 980/995 623/625
f 985/1000 1112/1131 965/979
f 765/774 918/930 944/958
f 969/983 1028/1045 757/766
f 961/975 730/736 1006/1021
f 1093/1112 1054/1072 1012/1027
f 1002/1017 784/793 1060/1078
f 963/977 751/760 1040/1058
f 1023/1040 993/1008 1041/1059
f 1013/1028 1093/1112 1012/1027
f 253/254 244/245 243/244
f 405/406 879/891 334/335
f 921/934 1057/1075 1024/1041
f 998/1013 1011/1026 1120/1139
f 1083/1101 986/1001 1111/1130
f 913/925 960/974 789/798
f 1075/1093 918/930 833/845
f 617/619 239/240 244/245
f 43/43 227/228 37/37
f 1107/1126 1064/1082 1087/1106
f 740/747 589/591 451/452
f 927/940 786/795 1050/1068
f 860/872 1028/1045 1103/1122
f 1068/1086 1019/1035 1106/1125
f 1109/1128 1082/1100 981/996
f 1033/1050 1063/1081 919/931
f 962/976 791/800 922/935
f 1025/1042 1110/1129 1087/1106
f 989/1004 1116/1135 1076/1094
f 866/878 919/931 1063/1081
f 989/1004 1064/1082 1116/1135
f 653/655 196/197 199/200
f 941/955 1124/1143 1038/1056
f 978/993 866/878 1063/1081
f 782/791 927/940 1056/1074
f 820/831 1058/1076 906/918
f 1015/1030 1082/1100 1090/1109
f 981/996 1082/1100 1015/1030
f 1108/1127 948/962 864/876
f 1019/1035 1034/1051 1106/1125
f 1041/1059 993/1008 1120/1139
f 1041/1059 973/988 1023/1040
f 986/1001 1010/1025 1111/1130
f 878/890 948/962 1108/1127
f 1096/1115 970/984 953/967
f 1126/1145 947/961 816/827
f 880/892 1060/1078 784/793
f 1107/1126 1116/1135 1064/1082
f 988/1003 1054/1072 1117/1136
f 1054/1072 1093/1112 1135/1154
f 877/889 650/652 1104/1123
f 938/952 1122/1141 897/909
f 960/974 913/925 1036/1054
f 1125/1144 1026/1043 999/1014
f 1004/1019 1099/1118 968/982
f 1102/1121 900/912 935/949
f 1034/1051 1071/1089 1106/1125
f 805/815 961/975 991/1006
f 519/520 954/968 1048/1066
f 182/183 166/167 966/980
f 998/1013 1120/1139 993/1008
f 800/810 644/646 101/101
f 792/801 178/179 36/36
f 1010/1025 1068/1086 1137/1156
f 1026/1043 1125/1144 1094/1113
f 1016/1031 1090/1164 1089/1108
f 1090/1164 1016/1031 1015/1053
f 864/876 804/814 1002/1017
f 1022/1039 1113/1132 972/987
f 986/1001 1136/1155 1043/1061
f 1053/1071 1133/1152 1011/1026
f 1115/1134 730/736 852/864
f 1030/1047 1148/1168 1084/1102
f 1030/1047 1084/1102 818/829
f 839/851 1008/1023 1020/1037
f 858/870 818/829 1084/1102
f 1042/1060 965/979 1134/1153
f 1108/1127 1035/1052 878/890
f 985/1000 1088/1107 1112/1131
f 1131/1150 1057/1075 979/994
f 970/984 1098/1117 1031/1048
f 1031/1048 1123/1142 957/1104
f 1151/1171 994/1009 960/974
f 1010/1025 1137/1156 1111/1130
f 1117/1136 1054/1072 1135/1154
f 935/949 968/982 1099/1118
f 1152/1172 1106/1125 1071/1089
f 1154/1174 1020/1037 1008/1023
f 1121/1140 844/856 892/904
f 917/929 844/856 1121/1140
f 1128/1147 845/857 858/870
f 820/831 1038/1056 1058/1076
f 863/875 649/651 331/332
f 1074/1092 949/963 983/998
f 815/826 1156/1176 928/941
f 1129/1148 782/791 1056/1074
f 1086/1105 1077/1095 814/825
f 416/417 38/38 634/636
f 125/125 162/163 28/28
f 940/954 1160/1180 1001/1016
f 979/994 1016/1031 1089/1108
f 965/979 1112/1131 1134/1153
f 1124/1143 941/955 1076/1094
f 215/216 769/778 779/788
f 735/742 574/576 552/554
f 970/984 1096/1115 1098/1117
f 1073/1091 1005/1020 906/918
f 945/959 1065/1083 1097/1116
f 1060/1078 880/892 1072/1090
f 114/114 98/98 100/100
f 1113/1132 1069/1087 972/987
f 1042/1060 1047/1065 1021/1038
f 1147/1167 1110/1129 1047/1065
f 162/163 125/125 191/192
f 237/238 616/618 863/875
f 93/93 643/645 72/72
f 1147/1167 1047/1065 1042/1060
f 945/959 1097/1116 913/925
f 1088/1107 988/1003 1117/1136
f 923/936 1051/1069 1139/1158
f 753/762 170/171 245/246
f 1140/1159 1011/1026 1133/1152
f 1069/1087 1125/1144 999/1014
f 944/958 918/930 1095/1114
f 1101/1120 969/983 842/854
f 1140/1159 1120/1139 1011/1026
f 845/857 1086/1105 814/825
f 1040/1058 1138/1157 963/977
f 904/916 876/888 957/971
f 1069/1087 1113/1132 1175/1196
f 978/993 1063/1081 1037/1055
f 1116/1135 1161/1181 1076/1094
f 1159/1179 1013/1028 1039/1057
f 12/12 821/832 532/533
f 1041/1059 1159/1179 1039/1057
f 962/976 922/935 1143/1162
f 1093/1112 1013/1028 1135/1154
f 1052/1070 1176/1197 1071/1089
f 25/25 29/29 73/73
f 782/791 1129/1148 677/679
f 1085/1103 1043/1061 1164/1184
f 541/542 1067/1085 1081/1099
f 906/918 1144/1163 1073/1091
f 1136/1155 1164/1184 1043/1061
f 1133/1152 1053/1071 1032/1049
f 708/710 541/542 1081/1099
f 1125/1144 1171/1192 1094/1113
f 1074/1092 983/998 1044/1062
f 1136/1155 986/1001 1083/1101
f 1107/1126 1161/1181 1116/1135
f 1123/1142 1170/1235 957/1104
f 1129/1148 871/883 677/679
f 1165/1185 846/858 871/883
f 1124/1143 1076/1094 1161/1181
f 979/994 1089/1108 1131/1150
f 1065/1083 936/950 1097/1116
f 1051/1069 1196/1218 1139/1158
f 1094/1113 1171/1192 1052/1070
f 1004/1019 890/902 1099/1118
f 963/977 1138/1157 910/922
f 1030/1047 904/916 1170/1191
f 1119/1138 1148/1214 1030/1187
f 1042/1060 1134/1153 1167/1188
f 1110/1129 1161/1181 1107/1126
f 1107/1126 1087/1106 1110/1129
f 931/944 142/143 609/611
f 962/976 1156/1176 815/826
f 969/983 1155/1175 1028/1045
f 1192/1213 1134/1153 1112/1131
f 1135/1154 1013/1028 1187/1208
f 1088/1107 1117/1136 1182/1203
f 1110/1129 1147/1167 1188/1209
f 1104/1123 650/652 1169/1190
f 519/520 1048/1066 937/951
f 858/870 1168/1189 1128/1147
f 1110/1129 1188/1209 1161/1181
f 1170/1191 904/916 957/971
f 1067/1085 515/516 931/944
f 1085/1103 1157/1177 1032/1049
f 1139/1158 898/910 923/936
f 1020/1037 1126/1145 816/827
f 125/125 773/782 150/151
f 1029/1046 1118/1137 859/871
f 1146/1166 913/925 1097/1116
f 1113/1132 1022/1039 1024/1041
f 918/930 1075/1093 1162/1182
f 1133/1152 1032/1049 1157/1177
f 1194/1216 1106/1125 1152/1172
f 95/95 129/130 460/461
f 1152/1172 1071/1089 1176/1197
f 858/870 1084/1102 1168/1189
f 1044/1062 1037/1055 1189/1210
f 251/252 280/281 287/288
f 241/242 749/758 715/718
f 1136/1155 1083/1101 1111/1130
f 906/918 1058/1076 1173/1194
f 1134/1153 1192/1213 1167/1188
f 1120/1139 1159/1179 1041/1059
f 1140/1159 1159/1179 1120/1139
f 846/858 1165/1185 1007/1022
f 1178/1199 1170/1235 1123/1142
f 1044/1062 1189/1210 1150/1170
f 1119/1138 1030/1187 1170/1235
f 1164/1184 1157/1177 1085/1103
f 859/871 1118/1137 1066/1084
f 864/876 1002/1017 1177/1198
f 841/853 86/86 98/98
f 1190/1211 1113/1132 1024/1041
f 93/93 109/109 646/648
f 1163/1183 892/904 1049/1067
f 1174/1195 1003/1018 910/922
f 1195/1217 890/986 889/901
f 551/553 380/381 448/449
f 1005/1020 1073/1091 1199/1221
f 1102/1121 952/966 900/912
f 913/925 1146/1166 1036/1054
f 1068/1086 1106/1125 1201/1223
f 1119/1138 1170/1235 1178/1199
f 1152/1172 1176/1197 1215/1238
f 1003/1018 1186/1207 959/973
f 1159/1179 1187/1208 1013/1028
f 1006/1021 730/736 1115/1134
f 24/24 1100/1119 232/233
f 997/1012 860/872 1142/1161
f 735/742 552/554 585/587
f 918/930 1162/1182 1095/1114
f 929/942 1191/1212 922/935
f 1091/1110 856/868 550/552
f 1069/1087 1200/1222 1125/1144
f 1213/1236 1192/1213 1112/1131
f 1086/1105 845/857 1128/1147
f 1127/1146 1122/1141 938/952
f 1072/1090 997/1012 1132/1151
f 1002/1017 1060/1078 1205/1227
f 1213/1236 1112/1131 1088/1107
f 1124/1143 1161/1181 1222/1245
f 1140/1159 1133/1152 1216/1239
f 1182/1203 1213/1236 1088/1107
f 1213/1236 1117/1136 1135/1154
f 1182/1203 1117/1136 1213/1236
f 940/954 991/1006 1160/1180
f 1033/1050 1197/1219 1063/1081
f 994/1009 1184/1205 1198/1220
f 914/926 994/1009 1198/1220
f 241/242 1062/1080 749/758
f 1066/1084 1075/1093 833/845
f 1059/1077 131/132 591/593
f 1061/1079 907/919 944/958
f 1122/1141 1049/1067 897/909
f 967/981 1180/1201 924/937
f 589/591 740/747 243/244
f 1200/1222 1171/1192 1125/1144
f 1069/1087 1232/1255 1200/1222
f 1101/1120 851/863 1061/1079
f 1072/1090 1204/1226 1205/1227
f 749/758 1062/1080 1179/1200
f 917/929 1121/1140 1219/1242
f 1050/1068 917/929 1219/1242
f 1206/1228 1136/1155 1111/1130
f 1109/1128 981/996 1208/1230
f 1159/1179 1140/1159 1221/1244
f 1210/1232 1038/1056 1124/1143
f 914/926 1145/1165 889/901
f 1127/1146 938/952 947/961
f 1172/1193 1037/1055 1063/1081
f 1203/1225 936/950 1017/1032
f 1127/1146 947/961 1126/1145
f 1185/1206 1042/1060 1167/1188
f 902/914 168/169 196/197
f 1103/1122 1142/1161 860/872
f 1206/1228 1111/1130 1137/1156
f 1227/1250 1133/1152 1157/1177
f 1176/1197 1052/1070 1223/1246
f 1171/1192 1223/1246 1052/1070
f 1137/1156 1068/1086 1201/1223
f 822/833 1169/1190 650/652
f 1102/1121 1208/1230 952/966
f 1195/1262 1099/1118 890/902
f 1185/1206 1147/1167 1042/1060
f 898/910 1139/1158 1033/1050
f 1149/1169 603/605 426/427
f 1213/1236 1135/1154 1187/1208
f 1123/1142 1031/1048 1098/1117
f 929/942 959/973 1186/1207
f 1155/1175 969/983 1101/1120
f 1113/1132 1230/1253 1175/1196
f 552/554 660/662 585/587
f 1060/1078 1072/1090 1205/1227
f 1033/1050 1139/1158 1197/1219
f 937/951 1079/1097 695/697
f 1048/1066 1079/1097 937/951
f 1156/1176 1051/1069 928/941
f 1187/1208 1159/1179 1224/1247
f 1177/1198 1108/1127 864/876
f 1221/1244 1249/1273 1159/1179
f 1147/1167 1240/1264 1188/1209
f 1206/1228 1164/1184 1136/1155
f 1248/1272 1098/1117 1096/1115
f 871/883 1129/1148 1165/1185
f 1167/1188 1255/1279 1185/1206
f 1241/1265 1256/1280 1192/1213
f 1119/1138 1220/1243 1148/1214
f 1190/1211 1024/1041 1057/1075
f 1195/1262 1259/1283 1099/1118
f 1092/1111 77/77 563/565
f 1126/1145 1238/1261 1127/1146
f 892/904 1163/1183 1121/1140
f 1038/1056 1210/1232 1058/1076
f 1056/1074 927/940 1050/1068
f 114/114 841/853 98/98
f 1204/1226 1260/1284 1205/1227
f 1179/1200 857/869 749/758
f 590/592 195/196 943/957
f 1029/1046 924/937 1180/1201
f 740/747 656/658 1261/1285
f 1056/1074 1050/1068 1219/1242
f 1222/1245 1242/1266 1124/1143
f 1225/1248 1224/1247 1159/1179
f 1232/1255 1069/1087 1252/1276
f 994/1009 1151/1171 1184/1205
f 551/553 118/118 380/381
f 1103/1122 1028/1045 1155/1175
f 1158/1178 949/963 1074/1092
f 1216/1239 1133/1152 1227/1250
f 1236/1259 1172/1193 1063/1081
f 1194/1216 1201/1223 1106/1125
f 1255/1279 1147/1167 1185/1206
f 1150/1170 1237/1260 1044/1062
f 1167/1188 1192/1213 1256/1280
f 857/869 1105/1124 852/864
f 140/141 432/433 604/606
f 1271/1295 1109/1128 1208/1230
f 852/864 1207/1229 1115/1134
f 819/830 1272/1296 822/833
f 1188/1209 1234/1257 1161/1181
f 244/245 479/480 975/990
f 1131/1150 1247/1271 1057/1075
f 1247/1271 1190/1211 1057/1075
f 1140/1159 1216/1239 1254/1278
f 1222/1245 1161/1181 1234/1257
f 1204/1226 1072/1090 1132/1151
f 1242/1266 1210/1232 1124/1143
f 1172/1193 1233/1256 1037/1055
f 1222/1245 1234/1257 1242/1266
f 906/918 1173/1194 1166/1186
f 1226/1249 1096/1115 1035/1052
f 1007/1022 1165/1185 1203/1225
f 1254/1278 1221/1244 1140/1159
f 1017/1032 1007/1022 1203/1225
f 906/918 1166/1186 1144/1163
f 1201/1223 1206/1228 1137/1156
f 1213/1236 1241/1265 1192/1213
f 1167/1188 1256/1280 1255/1279
f 1183/1204 1074/1092 1044/1062
f 1196/1218 1051/1069 1253/1277
f 1159/1179 1249/1273 1225/1248
f 1252/1276 1069/1087 1175/1196
f 1089/1108 1235/1258 1131/1150
f 1090/1164 1235/1258 1089/1108
f 1090/1109 1082/1100 1228/1251
f 1127/1146 1244/1268 1122/1141
f 591/593 131/132 126/126
f 95/95 720/723 1214/1237
f 334/335 930/943 188/189
f 981/996 952/966 1208/1230
f 1275/1300 1126/1145 1020/1037
f 1129/1148 1056/1074 1243/1267
f 1150/1170 1189/1210 1257/1281
f 935/949 1099/1118 1202/1224
f 1223/1246 1284/1309 1176/1197
f 135/136 146/147 1009/1024
f 1119/1138 1178/1199 1220/1243
f 1280/1305 1216/1239 1227/1250
f 1009/1024 146/147 773/782
f 1145/1165 914/926 1198/1220
f 1262/1286 1224/1247 1225/1248
f 1157/1177 1273/1297 1227/1250
f 1003/1018 1288/1313 1186/1207
f 1091/1110 609/611 856/868
f 1266/1290 1164/1184 1206/1228
f 1102/1121 935/949 1202/1224
f 1230/1253 1269/1293 1175/1196
f 1164/1184 1273/1297 1157/1177
f 1155/1175 1267/1291 1103/1122
f 1180/1201 1005/1020 1199/1221
f 1132/1151 997/1012 1142/1161
f 1217/1240 595/597 489/490
f 1149/1169 426/427 595/597
f 441/442 9/9 21/21
f 117/117 976/991 31/31
f 1003/1018 1174/1195 1288/1313
f 1177/1198 1002/1017 1286/1311
f 792/801 10/10 56/56
f 1230/1253 1113/1132 1190/1211
f 649/651 1263/1287 819/830
f 1174/1195 910/922 1138/1157
f 1075/1093 1066/1084 1211/1233
f 1254/1278 1216/1239 1280/1305
f 1180/1201 967/981 1005/1020
f 1194/1216 1152/1172 1302/1327
f 1189/1210 1037/1055 1233/1256
f 1189/1210 1233/1256 1258/1282
f 1226/1249 1248/1272 1096/1115
f 117/117 576/578 976/991
f 1097/1116 936/950 1203/1225
f 1306/1331 1208/1230 1102/1121
f 1234/1257 1188/1209 1240/1264
f 857/869 1179/1200 1105/1124
f 1291/1316 1056/1074 1219/1242
f 1240/1264 1147/1167 1255/1279
f 1280/1305 1227/1250 1285/1310
f 908/920 623/625 980/995
f 1130/1149 245/246 232/233
f 1215/1238 1284/1309 1152/1172
f 949/963 45/45 987/1002
f 1242/1266 1234/1257 1294/1319
f 1262/1286 1187/1208 1224/1247
f 1123/1142 1248/1272 1293/1318
f 1123/1142 1098/1117 1248/1272
f 1186/1207 1292/1317 929/942
f 1284/1309 1215/1238 1176/1197
f 1077/1095 1154/1174 1008/1023
f 1044/1062 1237/1260 1183/1204
f 1218/1241 1138/1157 1040/1058
f 1294/1319 1312/1337 1242/1266
f 1040/1058 1001/1016 1218/1241
f 1300/1325 1171/1192 1200/1222
f 1234/1257 1309/1334 1294/1319
f 1199/1221 1321/1346 1180/1201
f 1277/1302 1097/1116 1203/1225
f 182/183 966/980 152/153
f 1304/1329 1035/1052 1108/1127
f 1285/1310 1227/1250 1273/1297
f 570/572 996/1011 514/515
f 929/942 1292/1317 1191/1212
f 1109/1128 1228/1251 1082/1100
f 1265/1289 1084/1102 1148/1168
f 1209/1231 1204/1226 1132/1151
f 1201/1223 1194/1216 1302/1327
f 1286/1311 1002/1017 1205/1227
f 1177/1198 1286/1311 1250/1274
f 715/718 574/576 735/742
f 1283/1308 1058/1076 1210/1232
f 1252/1276 1175/1196 1269/1293
f 1282/1307 708/710 1081/1099
f 1311/1336 1255/1279 1256/1280
f 954/968 877/889 1104/1123
f 1316/1341 1213/1236 1187/1208
f 349/350 512/513 243/244
f 976/991 665/667 31/31
f 1123/1142 1293/1318 1178/1199
f 1300/1325 1200/1222 1232/1255
f 1056/1074 1291/1316 1243/1267
f 1275/1300 1154/1174 1077/1095
f 1006/1021 1115/1134 1299/1324
f 1242/1266 1313/1338 1210/1232
f 680/682 42/42 41/41
f 213/214 260/261 232/233
f 158/159 161/162 176/177
f 1240/1264 1334/1359 1234/1257
f 1326/1351 1230/1253 1190/1211
f 1242/1266 1315/1340 1313/1338
f 1220/1243 1265/1299 1148/1214
f 1168/1189 1084/1102 1265/1289
f 1212/1234 944/958 1095/1114
f 1128/1147 1168/1189 1289/1314
f 44/44 39/39 164/165
f 1163/1183 1049/1067 1305/1330
f 1191/1212 1143/1162 922/935
f 1315/1340 1242/1266 1312/1337
f 962/976 1341/1366 1156/1176
f 1302/1327 1152/1172 1284/1309
f 1127/1146 1303/1328 1244/1268
f 773/782 146/147 150/151
f 1171/1192 1300/1325 1223/1246
f 1234/1257 1323/1348 1309/1334
f 1234/1257 1345/1370 1323/1348
f 256/257 984/999 328/329
f 256/715 249/250 932/945
f 1165/1185 1332/1357 1203/1225
f 1304/1329 1226/1249 1035/1052
f 260/261 888/900 987/1002
f 1342/1367 489/490 1080/1098
f 1220/1243 1178/1199 1293/1318
f 1063/1081 1197/1219 1344/1369
f 1349/1374 1150/1170 1257/1281
f 1267/1291 1155/1175 1268/1292
f 1287/1312 962/976 1143/1162
f 1250/1274 1108/1127 1177/1198
f 1338/1363 1240/1264 1255/1279
f 486/487 1092/1111 563/565
f 1335/1360 991/1006 961/975
f 1276/1301 1097/1116 1277/1302
f 1353/1378 1166/1186 1173/1194
f 1241/1265 1343/1368 1256/1280
f 1213/1236 1343/1368 1241/1265
f 12/12 554/556 821/832
f 1343/1368 1213/1236 1347/1372
f 1266/1290 1339/1364 1164/1184
f 1207/1229 852/864 1105/1124
f 1247/1271 1326/1351 1190/1211
f 1101/1120 1268/1292 1155/1175
f 1061/1079 1317/1342 1101/1120
f 1237/1260 1150/1170 1349/1374
f 1316/1341 1347/1372 1213/1236
f 1121/1140 1320/1345 1219/1242
f 1340/1365 1235/1258 1090/1164
f 1063/1081 1270/1294 1236/1259
f 1339/1364 1266/1290 1206/1228
f 1280/1305 1285/1310 1336/1361
f 1313/1338 1315/1340 1355/1380
f 1337/1362 1264/1288 1058/1076
f 1339/1364 1273/1297 1164/1184
f 1339/1364 1361/1388 1273/1297
f 1343/1368 1311/1336 1256/1280
f 1250/1274 1304/1329 1108/1127
f 1046/1064 159/160 517/518
f 1206/1228 1201/1223 1339/1364
f 1212/1234 1061/1079 944/958
f 123/123 570/572 908/920
f 1142/1161 1103/1122 1267/1291
f 1244/1268 1324/1349 1122/1141
f 1051/1069 1156/1176 1253/1277
f 1210/1232 1368/1395 1283/1308
f 1234/1257 1334/1359 1345/1370
f 1337/1362 1058/1076 1283/1308
f 960/974 1036/1054 1151/1171
f 1139/1158 1196/1218 1329/1354
f 1297/1322 1183/1204 1237/1260
f 1309/1334 1323/1348 1371/1398
f 1311/1336 1338/1363 1255/1279
f 1090/1109 1228/1251 1340/1382
f 1284/1309 1358/1385 1302/1327
f 603/605 1330/1355 616/618
f 1262/1286 1249/1273 1221/1244
f 1270/1294 1063/1081 1344/1369
f 1375/1402 1376/1403 1328/1353
f 1328/1381 1132/1151 1142/1161
f 1280/1305 1336/1361 1254/1278
f 1078/1096 432/433 218/219
f 218/219 116/116 1078/1096
f 1240/1264 1338/1363 1362/1389
f 1252/1276 1372/1399 1232/1255
f 1211/1233 1066/1084 1118/1137
f 1294/1319 1309/1334 1364/1391
f 1223/1246 1358/1385 1284/1309
f 1201/1223 1373/1400 1339/1364
f 153/154 118/118 705/707
f 1352/1377 1285/1310 1273/1297
f 1248/1272 1226/1249 1314/1339
f 1359/1386 1334/1359 1240/1264
f 1027/1044 1380/1407 550/552
f 1361/1388 1352/1377 1273/1297
f 1387/1414 1327/1453 1319/1344
f 1209/1231 1260/1284 1204/1226
f 1286/1311 1205/1227 1260/1284
f 1283/1308 1360/1387 1337/1362
f 961/975 1299/1324 1335/1360
f 1346/1371 1369/1396 1294/1319
f 1352/1377 1336/1361 1285/1310
f 1233/1256 1172/1193 1308/1333
f 1049/1067 1122/1141 1324/1349
f 1384/1411 1240/1264 1383/1410
f 1240/1264 1362/1389 1383/1410
f 1225/1248 1249/1273 1262/1286
f 660/662 512/513 349/350
f 1268/1292 1101/1120 1317/1342
f 1189/1210 1258/1282 1257/1281
f 1319/1344 1376/1403 1386/1413
f 1328/1381 1142/1161 1375/1423
f 1328/1353 1376/1403 1319/1344
f 1209/1231 1132/1151 1327/1352
f 1231/1254 42/42 680/682
f 1328/1381 1327/1352 1132/1151
f 299/300 95/95 1296/1321
f 1363/1390 1173/1194 1058/1076
f 1029/1046 1318/1343 1118/1137
f 1327/1426 1260/1284 1209/1231
f 1318/1343 1211/1233 1118/1137
f 1316/1341 1187/1208 1262/1286
f 1252/1276 1269/1293 1372/1399
f 690/692 1399/1428 666/668
f 167/168 1400/1429 84/84
f 1210/1232 1313/1338 1368/1395
f 1300/1325 1232/1255 1381/1408
f 1267/1291 1375/1423 1142/1161
f 1375/1432 1393/1466 1395/1422
f 1395/1422 1376/1403 1375/1432
f 1254/1278 1374/1401 1262/1286
f 1221/1244 1254/1278 1262/1286
f 666/668 1325/1350 612/614
f 1369/1396 1312/1337 1294/1319
f 1099/1118 1259/1283 1333/1358
f 1127/1146 1238/1261 1303/1328
f 1319/1344 1327/1453 1328/1353
f 1006/1021 1299/1324 961/975
f 1262/1286 1388/1415 1316/1341
f 1379/1406 1338/1363 1311/1336
f 1254/1278 1336/1361 1374/1401
f 1346/1371 1294/1319 1364/1391
f 213/214 215/216 888/900
f 609/611 1091/1110 931/944
f 550/552 1380/1407 1091/1110
f 1334/1359 1407/1437 1345/1370
f 1396/1424 1131/1150 1235/1258
f 1347/1372 1398/1427 1343/1368
f 773/782 125/125 728/734
f 728/734 1014/1029 773/782
f 1295/1320 1340/1382 1228/1251
f 1162/1182 1075/1093 1211/1233
f 1001/1016 1418/1448 1218/1241
f 1168/1189 1348/1373 1289/1314
f 1404/1434 1376/1403 1395/1422
f 1121/1140 1392/1419 1290/1315
f 1408/1438 1338/1363 1391/1418
f 1382/1409 1160/1180 991/1006
f 1236/1259 1308/1333 1172/1193
f 1398/1427 1316/1341 1388/1415
f 1351/1376 1318/1343 1029/1046
f 1369/1396 1315/1340 1312/1337
f 1379/1406 1311/1336 1343/1368
f 1323/1348 1345/1370 1403/1433
f 1201/1223 1302/1327 1373/1400
f 1226/1249 1304/1329 1314/1339
f 1324/1349 1244/1268 1303/1328
f 1232/1255 1372/1399 1381/1408
f 1349/1374 1257/1281 1389/1416
f 1370/1397 1146/1166 1097/1116
f 1276/1301 1370/1397 1097/1116
f 1385/1412 1293/1318 1248/1272
f 1317/1342 1394/1421 1268/1292
f 1386/1413 1376/1403 1404/1434
f 1375/1423 1267/1291 1393/1420
f 1347/1372 1316/1341 1398/1427
f 1398/1427 1388/1415 1426/1458
f 689/691 103/103 644/646
f 1386/1413 1422/1465 1438/1472
f 1370/1397 1036/1054 1146/1166
f 1292/1317 1186/1207 1350/1375
f 1393/1420 1267/1291 1268/1292
f 1320/1345 1121/1140 1290/1315
f 1355/1380 1368/1395 1313/1338
f 1099/1118 1333/1358 1202/1224
f 1409/1439 1303/1328 1238/1261
f 1369/1396 1355/1380 1315/1340
f 1193/1215 160/161 351/352
f 1321/1346 1199/1221 1419/1449
f 1186/1207 1288/1313 1350/1375
f 775/784 130/131 681/683
f 1415/1445 1383/1410 1362/1389
f 1286/1311 1260/1284 1412/1454
f 1371/1398 1364/1391 1309/1334
f 1165/1185 1129/1148 1435/1469
f 1363/1390 1058/1076 1264/1288
f 1408/1438 1362/1389 1338/1363
f 1298/1323 1149/1169 595/597
f 1212/1234 1402/1431 1061/1079
f 1430/1462 1368/1395 1355/1380
f 1355/1380 1369/1396 1430/1462
f 1418/1448 1001/1016 1160/1180
f 1086/1105 1128/1147 1366/1393
f 1073/1091 1144/1163 1199/1221
f 1102/1121 1202/1224 1306/1331
f 1268/1292 1436/1470 1393/1420
f 1422/1452 1395/1422 1393/1466
f 1422/1452 1404/1434 1395/1422
f 1422/1465 1386/1413 1404/1434
f 1321/1346 1406/1436 1180/1201
f 1386/1413 1405/1435 1319/1344
f 956/970 24/24 689/691
f 1338/1363 1425/1457 1391/1418
f 1392/1419 1121/1140 1163/1183
f 1343/1368 1427/1459 1379/1406
f 1327/1453 1387/1414 1412/1442
f 1412/1454 1260/1284 1327/1426
f 1348/1373 1168/1189 1265/1289
f 1358/1385 1223/1246 1300/1325
f 1126/1145 1275/1300 1238/1261
f 1391/1418 1442/1477 1408/1438
f 1414/1444 1250/1274 1286/1311
f 1368/1395 1430/1462 1443/1478
f 1401/1430 1304/1329 1250/1274
f 1425/1457 1338/1363 1379/1406
f 1247/1271 1131/1150 1396/1424
f 616/618 1354/1379 863/875
f 1268/1292 1432/1464 1436/1470
f 1314/1339 1304/1329 1401/1430
f 1401/1430 1439/1473 1314/1339
f 1459/1495 1265/1299 1220/1243
f 1319/1344 1405/1435 1460/1496
f 1387/1414 1411/1441 1412/1442
f 1253/1277 1329/1354 1196/1218
f 1339/1364 1373/1400 1431/1463
f 1393/1505 1462/1498 1422/1475
f 1283/1308 1368/1395 1445/1480
f 1374/1401 1388/1415 1262/1286
f 1272/1296 819/830 1263/1287
f 1144/1163 1166/1186 1353/1378
f 1387/1414 1319/1344 1460/1496
f 1374/1401 1457/1493 1388/1415
f 1359/1386 1240/1264 1384/1411
f 1378/1405 1139/1158 1329/1354
f 1250/1274 1414/1444 1401/1430
f 1079/1097 1251/1275 695/697
f 1251/1275 1027/1044 695/697
f 230/231 585/587 660/662
f 1359/1386 1468/1504 1334/1359
f 1436/1470 1432/1464 1393/1505
f 1427/1459 1343/1368 1398/1427
f 1349/1374 1389/1416 1441/1476
f 1462/1498 1393/1505 1432/1464
f 1385/1412 1248/1272 1314/1339
f 1275/1300 1077/1095 1086/1105
f 1453/1489 1391/1418 1425/1457
f 1195/1217 889/901 1145/1165
f 1431/1463 1361/1388 1339/1364
f 1275/1300 1020/1037 1154/1174
f 1129/1148 1243/1267 1421/1451
f 1403/1433 1470/1507 1371/1398
f 1388/1415 1457/1493 1426/1458
f 1452/1487 1379/1406 1427/1459
f 1453/1489 1425/1457 1454/1490
f 1220/1243 1293/1318 1420/1450
f 380/381 775/784 448/449
f 1483/1520 1443/1488 1444/1479
f 1277/1302 1203/1225 1332/1357
f 1390/1417 1174/1195 1138/1157
f 1139/1158 1378/1405 1197/1219
f 532/533 821/832 893/905
f 1361/1388 1486/1524 1352/1377
f 1174/1195 1390/1417 1447/1482
f 1371/1398 1470/1507 1364/1391
f 130/131 100/100 99/99
f 164/165 996/1011 1279/1304
f 1438/1472 1405/1435 1386/1413
f 1268/1292 1449/1484 1432/1464
f 1340/1365 1466/1571 1396/1424
f 1268/1292 1394/1421 1449/1484
f 1396/1424 1235/1258 1340/1365
f 1411/1441 1387/1414 1460/1496
f 1464/1500 1394/1421 1317/1342
f 1407/1437 1334/1359 1468/1504
f 1432/1464 1449/1484 1494/1532
f 822/833 1416/1446 1169/1190
f 1476/1513 1427/1459 1398/1427
f 1351/1376 1029/1046 1180/1201
f 1402/1431 1317/1342 1061/1079
f 1469/1506 1369/1396 1364/1391
f 1353/1378 1173/1194 1377/1404
f 1490/1528 1452/1487 1427/1459
f 1369/1396 1346/1371 1364/1391
f 1371/1398 1323/1348 1403/1433
f 1385/1412 1420/1450 1293/1318
f 1357/1384 954/968 1104/1123
f 1228/1251 1109/1128 1499/1539
f 1469/1506 1364/1391 1470/1507
f 1414/1444 1286/1311 1412/1454
f 1446/1481 1408/1438 1442/1477
f 1305/1330 1049/1067 1324/1349
f 1407/1437 1403/1433 1345/1370
f 1320/1345 1291/1316 1219/1242
f 1358/1385 1300/1325 1488/1526
f 616/618 1330/1355 1354/1379
f 1211/1233 1428/1460 1429/1461
f 1467/1503 1340/1382 1295/1320
f 1478/1515 1414/1444 1412/1454
f 1503/1544 1095/1114 1429/1461
f 1448/1483 1430/1533 1465/1523
f 1468/1504 1359/1386 1384/1411
f 1427/1459 1476/1513 1505/1547
f 1297/1322 1237/1260 209/210
f 1046/1064 133/134 159/160
f 209/210 1237/1260 1349/1374
f 1372/1399 1269/1293 1471/1508
f 1217/1240 489/490 1342/1367
f 1381/1408 1463/1499 1300/1325
f 1420/1450 1385/1412 1498/1538
f 1390/1417 1138/1157 1218/1241
f 1370/1397 1151/1171 1036/1054
f 1129/1148 1421/1451 1435/1469
f 1291/1316 1475/1512 1243/1267
f 1430/1533 1444/1479 1443/1488
f 1444/1479 1430/1533 1448/1483
f 1465/1501 1430/1462 1369/1396
f 1439/1473 1385/1412 1314/1339
f 1465/1501 1369/1396 1469/1506
f 1336/1361 1352/1377 1374/1401
f 1448/1483 1465/1523 1469/1535
f 1469/1535 1497/1537 1448/1483
f 1480/1517 1476/1513 1398/1427
f 1181/1202 682/684 571/573
f 1480/1517 1398/1427 1426/1458
f 1415/1445 1362/1389 1446/1481
f 1408/1438 1446/1481 1362/1389
f 1438/1472 1422/1465 1462/1546
f 1302/1327 1358/1385 1501/1541
f 1405/1435 1438/1472 1460/1496
f 1429/1461 1162/1182 1211/1233
f 1324/1349 1303/1328 1409/1439
f 1160/1180 1382/1409 1437/1471
f 1444/1479 1482/1519 1483/1520
f 1412/1442 1411/1441 1478/1556
f 1445/1480 1368/1395 1443/1478
f 1472/1509 1410/1440 1257/1281
f 1307/1332 591/593 881/893
f 299/300 1423/1455 881/933
f 1372/1399 1471/1508 1381/1408
f 643/645 1014/1029 28/28
f 1470/1563 1504/1545 1469/1535
f 1522/1567 1478/1556 1491/1529
f 1442/1477 1391/1418 1485/1522
f 1514/1558 1481/1518 1379/1406
f 790/799 753/762 1525/1570
f 1452/1487 1514/1558 1379/1406
f 1265/1299 1459/1495 1484/1521
f 1452/1487 1524/1569 1514/1558
f 1524/1569 1452/1487 1490/1528
f 1473/1510 1326/1351 1247/1271
f 1459/1495 1220/1243 1420/1450
f 1451/1486 1320/1345 1290/1315
f 1419/1449 1144/1163 1353/1378
f 1144/1163 1419/1449 1199/1221
f 634/636 96/96 402/403
f 1282/1307 720/723 708/710
f 1509/1552 1480/1517 1426/1458
f 1485/1522 1446/1481 1442/1477
f 131/132 1059/1077 1322/1347
f 454/455 131/132 1322/1347
f 715/718 735/742 162/163
f 1360/1387 1283/1308 1440/1474
f 1239/1263 966/980 166/167
f 1279/1304 996/1011 570/572
f 1515/1559 1476/1513 1480/1517
f 1425/1457 1379/1406 1481/1518
f 1528/1574 1492/1530 1426/1458
f 1512/1555 1426/1458 1457/1493
f 1153/1173 1330/1355 603/605
f 1211/1233 1318/1343 1428/1460
f 1470/1563 1517/1561 1504/1545
f 1484/1521 1348/1551 1265/1299
f 1230/1253 1502/1543 1269/1293
f 1470/1507 1403/1433 1407/1437
f 1470/1563 1523/1606 1517/1561
f 1468/1504 1523/1568 1407/1437
f 1352/1377 1486/1524 1374/1401
f 1495/1534 1230/1253 1326/1351
f 1491/1529 1478/1556 1411/1441
f 1462/1546 1516/1560 1438/1472
f 1394/1421 1464/1500 1494/1532
f 1445/1480 1440/1474 1283/1308
f 1401/1430 1414/1444 1478/1515
f 1521/1620 1516/1560 1462/1546
f 1411/1441 1539/1586 1491/1529
f 51/51 1070/1088 571/573
f 1174/1195 1447/1482 1288/1313
f 1501/1541 1358/1385 1488/1526
f 1429/1461 1095/1114 1162/1182
f 1411/1441 1460/1496 1508/1550
f 1496/1536 1439/1473 1522/1578
f 1091/1110 1417/1447 931/944
f 1504/1545 1497/1537 1469/1535
f 1487/1525 1306/1331 1202/1224
f 1485/1522 1391/1418 1453/1489
f 1385/1412 1496/1536 1498/1538
f 1473/1510 1247/1271 1396/1424
f 1370/1397 1276/1301 1277/1302
f 1332/1357 1165/1185 1435/1469
f 1466/1502 1340/1382 1467/1503
f 1526/1572 1490/1528 1427/1459
f 1257/1281 1258/1282 1472/1509
f 1415/1445 1545/1593 1384/1411
f 1217/1240 1298/1323 595/597
f 1415/1445 1384/1411 1383/1410
f 1427/1459 1505/1547 1526/1572
f 962/976 1287/1312 1341/1366
f 1366/1393 1128/1147 1289/1314
f 260/261 213/214 888/900
f 715/718 162/163 191/192
f 1483/1542 1445/1480 1443/1478
f 1488/1526 1300/1325 1463/1499
f 1508/1550 1539/1586 1411/1441
f 1401/1430 1478/1515 1522/1578
f 1439/1473 1401/1430 1522/1578
f 1236/1259 1270/1294 1308/1333
f 1431/1463 1486/1524 1361/1388
f 1471/1508 1269/1293 1502/1543
f 1228/1251 1455/1491 1295/1320
f 1528/1574 1426/1458 1512/1555
f 1545/1593 1523/1568 1384/1411
f 1545/1593 1415/1445 1446/1481
f 1238/1261 1275/1300 1409/1439
f 1509/1552 1426/1458 1492/1530
f 1494/1532 1462/1498 1432/1464
f 1494/1532 1521/1566 1462/1498
f 1243/1267 1475/1512 1421/1451
f 1476/1513 1515/1559 1505/1547
f 1501/1541 1373/1400 1302/1327
f 1402/1431 1464/1500 1317/1342
f 1169/1190 1416/1446 1434/1468
f 1486/1524 1457/1493 1374/1401
f 1407/1437 1523/1568 1470/1507
f 1095/1114 1503/1544 1212/1234
f 1523/1606 1530/1576 1517/1561
f 1384/1411 1523/1568 1468/1504
f 1389/1416 1506/1548 1441/1476
f 1514/1558 1524/1569 1554/1602
f 1491/1529 1532/1579 1522/1567
f 1545/1593 1446/1481 1485/1522
f 1496/1536 1385/1412 1439/1473
f 1535/1582 1484/1521 1459/1495
f 1370/1397 1540/1587 1151/1171
f 1498/1538 1459/1495 1420/1450
f 1510/1553 1409/1439 1275/1300
f 1454/1490 1557/1605 1485/1522
f 1454/1490 1485/1522 1453/1489
f 1457/1493 1520/1565 1549/1597
f 1308/1333 1450/1485 1233/1256
f 164/165 656/658 996/1011
f 209/210 1349/1374 206/207
f 1486/1524 1520/1565 1457/1493
f 1410/1440 1389/1416 1257/1281
f 1533/1580 1460/1496 1438/1472
f 1396/1424 1466/1571 1570/1622
f 1562/1636 1563/1614 1534/1639
f 1418/1448 1160/1180 1437/1471
f 1551/1599 1337/1362 1360/1387
f 123/123 1493/1531 570/572
f 1324/1349 1537/1584 1305/1330
f 1498/1538 1536/1583 1459/1495
f 1497/1537 1543/1591 1448/1483
f 1258/1282 1233/1256 1450/1485
f 1556/1604 1381/1408 1471/1508
f 136/137 141/142 336/337
f 1290/1315 1392/1419 1519/1564
f 1535/1582 1536/1583 1484/1624
f 1253/1277 1156/1176 1461/1497
f 1529/1575 1448/1483 1543/1591
f 1523/1606 1545/1611 1530/1576
f 608/610 991/1006 1335/1360
f 1230/1253 1495/1534 1502/1543
f 1454/1490 1425/1457 1481/1518
f 1473/1510 1495/1534 1326/1351
f 1048/1066 954/968 1357/1384
f 1545/1593 1485/1522 1557/1605
f 1451/1486 1290/1315 1519/1564
f 1198/1220 1184/1205 1474/1511
f 1459/1495 1536/1583 1535/1582
f 1348/1373 1484/1607 1289/1314
f 1511/1554 1079/1097 1048/1066
f 1366/1393 1289/1314 1558/1608
f 1554/1602 1481/1518 1514/1558
f 1491/1529 1567/1618 1532/1579
f 1318/1343 1351/1376 1458/1494
f 1496/1536 1522/1578 1562/1613
f 1463/1499 1381/1408 1573/1626
f 1377/1404 1173/1194 1363/1390
f 1494/1532 1449/1484 1394/1421
f 1565/1632 1536/1583 1584/1640
f 1353/1378 1377/1404 1500/1540
f 1544/1592 1505/1547 1515/1559
f 1373/1400 1572/1625 1431/1463
f 1321/1346 1419/1449 1531/1577
f 1477/1514 863/875 1354/1379
f 1557/1605 1454/1490 1571/1623
f 1549/1597 1512/1555 1457/1493
f 1454/1490 1481/1518 1571/1623
f 1508/1550 1587/1643 1539/1586
f 1499/1539 1109/1128 1527/1573
f 1533/1580 1508/1550 1460/1496
f 486/487 893/905 1092/1111
f 1513/1557 1275/1300 1086/1105
f 1545/1611 1560/1610 1530/1576
f 1536/1583 1565/1632 1484/1624
f 1557/1670 1560/1610 1545/1611
f 1563/1614 1562/1636 1532/1579
f 1484/1607 1565/1616 1289/1314
f 1522/1567 1532/1579 1562/1636
f 1296/1321 1423/1455 299/300
f 1228/1251 1499/1539 1455/1491
f 1307/1332 881/893 1423/1589
f 1527/1573 1109/1128 1271/1295
f 1104/1123 1169/1190 1434/1468
f 1498/1538 1496/1536 1534/1581
f 1594/1652 1520/1565 1486/1524
f 1556/1604 1595/1653 1381/1408
f 554/556 83/83 1181/1202
f 1572/1625 1373/1400 1501/1541
f 1585/1641 1512/1555 1549/1597
f 1567/1618 1491/1529 1539/1586
f 1566/1617 1444/1479 1529/1575
f 1214/1237 1296/1321 95/95
f 1045/1063 167/168 647/649
f 1526/1572 1524/1569 1490/1528
f 1486/1524 1431/1463 1596/1654
f 1572/1625 1596/1654 1431/1463
f 1349/1374 1441/1476 1568/1619
f 1464/1500 1542/1590 1494/1532
f 1466/1502 1467/1503 1547/1595
f 1496/1536 1562/1613 1534/1581
f 1518/1562 1419/1449 1353/1378
f 9/9 441/442 491/492
f 1419/1449 1518/1562 1574/1627
f 863/875 1278/1303 649/651
f 1597/1655 1586/1642 1480/1517
f 1571/1623 1481/1518 1554/1602
f 1438/1472 1516/1560 1533/1580
f 1509/1552 1492/1530 1585/1641
f 1351/1376 1180/1201 1406/1436
f 1289/1314 1565/1616 1558/1608
f 1163/1183 1305/1330 1537/1584
f 1549/1597 1520/1565 1582/1637
f 1513/1557 1086/1105 1366/1393
f 1208/1230 1564/1615 1271/1295
f 1544/1592 1515/1559 1526/1572
f 1510/1553 1479/1516 1409/1439
f 1515/1559 1480/1517 1586/1642
f 1287/1312 1143/1162 1191/1212
f 1571/1659 1593/1651 1557/1670
f 150/151 268/269 241/242
f 1585/1641 1528/1574 1512/1555
f 1573/1626 1488/1526 1463/1499
f 1418/1448 1575/1628 1218/1241
f 1287/1312 1191/1212 1590/1648
f 1596/1654 1594/1652 1486/1524
f 1381/1408 1595/1653 1573/1626
f 879/891 405/406 1114/1133
f 1321/1346 1531/1577 1406/1436
f 1529/1575 1444/1479 1448/1483
f 1581/1635 1504/1545 1517/1561
f 1494/1532 1542/1590 1521/1566
f 991/1006 608/610 1382/1409
f 1402/1431 1212/1234 1503/1544
f 1597/1655 1480/1517 1509/1552
f 1563/1614 1589/1647 1534/1639
f 1483/1542 1561/1612 1445/1480
f 1534/1581 1536/1583 1498/1538
f 1218/1241 1575/1628 1390/1417
f 1505/1547 1544/1592 1526/1572
f 1115/1134 1207/1229 1105/1124
f 1409/1439 1479/1516 1324/1349
f 1534/1639 1589/1647 1623/1684
f 1558/1608 1565/1616 1601/1667
f 1163/1183 1537/1584 1392/1419
f 1366/1393 1558/1608 1601/1667
f 1366/1393 1601/1667 1513/1557
f 1510/1553 1275/1300 1513/1557
f 1306/1331 1456/1492 1208/1230
f 268/269 146/147 107/107
f 1530/1576 1581/1635 1517/1561
f 1471/1508 1502/1543 1556/1604
f 1341/1366 1461/1497 1156/1176
f 1365/1392 168/169 902/914
f 1549/1597 1617/1678 1585/1641
f 1520/1565 1594/1652 1582/1637
f 243/244 740/747 253/254
f 1599/1657 1593/1651 1571/1659
f 1524/1569 1526/1572 1554/1602
f 1526/1572 1571/1623 1554/1602
f 1623/1692 1536/1583 1534/1581
f 728/734 28/28 1014/1029
f 1261/1285 253/254 740/747
f 1440/1474 1445/1480 1561/1612
f 1451/1486 1603/1662 1320/1345
f 1585/1641 1492/1530 1528/1574
f 1620/1681 1595/1653 1556/1604
f 1586/1642 1526/1572 1515/1559
f 1500/1540 1569/1621 1353/1378
f 1583/1638 1516/1560 1521/1620
f 1567/1618 1539/1586 1609/1669
f 1608/1668 1501/1541 1488/1526
f 1482/1519 1580/1646 1483/1520
f 1482/1519 1444/1479 1566/1617
f 1344/1369 1598/1656 1270/1294
f 720/723 1282/1307 1214/1237
f 656/658 164/165 1261/1285
f 1509/1552 1585/1641 1629/1690
f 1607/1666 1627/1688 1563/1614
f 1628/1689 1488/1526 1573/1626
f 1455/1491 1552/1600 1295/1320
f 1623/1692 1584/1640 1536/1583
f 1630/1691 1599/1657 1571/1659
f 1349/1374 1568/1619 228/229
f 1593/1651 1560/1610 1557/1670
f 1633/1695 1447/1482 1390/1417
f 1597/1655 1509/1552 1613/1674
f 1576/1629 1464/1500 1402/1431
f 1579/1633 1288/1313 1447/1482
f 1337/1362 1363/1390 1264/1288
f 1601/1660 1565/1632 1584/1640
f 1472/1509 1258/1282 1450/1485
f 1600/1658 1497/1537 1504/1545
f 1389/1416 1410/1440 1550/1598
f 1634/1696 1620/1681 1556/1604
f 1344/1369 1197/1219 1378/1405
f 1572/1625 1501/1541 1608/1668
f 1607/1666 1563/1614 1532/1579
f 1370/1397 1578/1631 1540/1587
f 1396/1424 1570/1622 1473/1510
f 1184/1205 1151/1171 1540/1587
f 1607/1666 1532/1579 1567/1618
f 1596/1654 1572/1625 1624/1685
f 1541/1588 1329/1354 1253/1277
f 1370/1397 1277/1302 1591/1649
f 1428/1460 1318/1343 1458/1494
f 1417/1447 1091/1110 1424/1456
f 1583/1638 1521/1620 1645/1707
f 1202/1224 1333/1358 1489/1527
f 1563/1614 1627/1688 1589/1647
f 1630/1691 1571/1659 1621/1716
f 1628/1689 1608/1668 1488/1526
f 83/83 682/684 1181/1202
f 1337/1362 1551/1599 1363/1390
f 1483/1542 1580/1634 1561/1612
f 1652/1717 1630/1691 1621/1716
f 1613/1674 1509/1552 1629/1690
f 1419/1449 1574/1627 1531/1577
f 1278/1303 863/875 1477/1514
f 1510/1553 1513/1557 1639/1701
f 1475/1512 1602/1661 1421/1451
f 1594/1652 1596/1654 1648/1710
f 1625/1686 1639/1714 1601/1660
f 1601/1667 1639/1701 1513/1557
f 1606/1665 1539/1586 1587/1643
f 1567/1618 1609/1669 1644/1706
f 1645/1726 1521/1566 1542/1590
f 1646/1708 1573/1626 1595/1653
f 715/718 191/192 241/242
f 1461/1497 1341/1366 1619/1680
f 1624/1685 1572/1625 1608/1668
f 1487/1525 1456/1492 1306/1331
f 206/207 1349/1374 228/229
f 649/651 1278/1303 1612/1673
f 822/833 1272/1296 1416/1446
f 1662/1729 1582/1637 1594/1652
f 1596/1654 1624/1685 1659/1725
f 108/108 1649/1711 1441/1476
f 1621/1682 1571/1623 1526/1572
f 1428/1460 1503/1544 1429/1461
f 585/587 72/72 735/742
f 1586/1642 1621/1682 1526/1572
f 1625/1686 1601/1660 1584/1640
f 1533/1580 1587/1643 1508/1550
f 800/810 42/42 1231/1254
f 1662/1729 1594/1652 1648/1710
f 1569/1621 1518/1562 1353/1378
f 1621/1682 1586/1642 1653/1742
f 1605/1664 1530/1576 1560/1610
f 1392/1419 1537/1584 1592/1650
f 1592/1650 1519/1564 1392/1419
f 1549/1597 1582/1637 1636/1698
f 1595/1653 1620/1681 1664/1731
f 1552/1600 1467/1503 1295/1320
f 1464/1500 1576/1629 1635/1697
f 1539/1586 1606/1665 1609/1669
f 1645/1707 1672/1739 1583/1638
f 1390/1417 1575/1628 1633/1695
f 1567/1618 1644/1706 1660/1727
f 1631/1712 1623/1684 1640/1702
f 1607/1666 1643/1705 1627/1688
f 24/24 956/970 1100/1119
f 1473/1510 1611/1672 1495/1534
f 1530/1576 1605/1664 1626/1687
f 1596/1654 1659/1725 1648/1710
f 1651/1715 1440/1474 1561/1612
f 1402/1431 1503/1544 1576/1629
f 1635/1697 1542/1590 1464/1500
f 1589/1647 1640/1702 1623/1684
f 1502/1543 1683/1751 1556/1604
f 1652/1717 1621/1716 1653/1718
f 902/914 196/197 653/655
f 610/612 1078/1096 116/116
f 1584/1640 1623/1692 1631/1693
f 1537/1584 1324/1349 1479/1516
f 1600/1658 1504/1545 1581/1635
f 1510/1553 1668/1735 1479/1516
f 1668/1735 1510/1553 1639/1701
f 1586/1642 1597/1655 1653/1742
f 1696/1764 1652/1717 1653/1718
f 1696/1764 1650/1784 1689/1786
f 1530/1576 1626/1687 1581/1635
f 1589/1647 1627/1688 1657/1722
f 1647/1709 1487/1525 1202/1224
f 140/141 130/131 380/381
f 1645/1726 1542/1590 1635/1697
f 1651/1715 1671/1738 1440/1474
f 1599/1657 1654/1719 1593/1651
f 1681/1749 1589/1647 1657/1722
f 1639/1714 1665/1732 1668/1765
f 1674/1741 1533/1580 1516/1560
f 1658/1724 1585/1641 1617/1678
f 1441/1476 1649/1711 1568/1619
f 1636/1698 1582/1637 1662/1729
f 1479/1516 1668/1735 1670/1737
f 1640/1702 1589/1647 1681/1749
f 1695/1763 1259/1283 1195/1262
f 1625/1686 1584/1640 1631/1693
f 1636/1698 1617/1678 1549/1597
f 1245/1269 480/481 555/557
f 1502/1543 1703/1773 1683/1751
f 1631/1693 1676/1744 1639/1714
f 1646/1708 1664/1731 1628/1689
f 1629/1690 1585/1641 1658/1724
f 1564/1615 1208/1230 1456/1492
f 1568/1619 1649/1711 229/230
f 1546/1594 1335/1360 1299/1324
f 1473/1510 1656/1721 1611/1672
f 1424/1456 1091/1110 1380/1407
f 1489/1527 1647/1709 1202/1224
f 555/557 179/180 790/799
f 1605/1664 1560/1610 1593/1651
f 1588/1644 1380/1407 1027/1044
f 1270/1294 1598/1656 1308/1333
f 1607/1666 1684/1752 1643/1705
f 1259/1283 1695/1763 1669/1736
f 1287/1312 1590/1648 1341/1366
f 1556/1604 1709/1780 1634/1696
f 1489/1527 1333/1358 1259/1283
f 1670/1737 1668/1735 1697/1771
f 604/606 1397/1425 114/114
f 1686/1754 1630/1691 1652/1717
f 1667/1734 1603/1662 1451/1486
f 1597/1655 1613/1674 1689/1757
f 1641/1703 1291/1316 1320/1345
f 1629/1690 1689/1757 1613/1674
f 1658/1724 1704/1774 1629/1690
f 1656/1721 1473/1510 1570/1622
f 1646/1708 1595/1653 1664/1731
f 1570/1622 1466/1571 1638/1700
f 1466/1502 1547/1595 1638/1723
f 1650/1784 1696/1764 1653/1718
f 1706/1777 1607/1666 1567/1618
f 1658/1724 1617/1678 1690/1758
f 1527/1573 1271/1295 1632/1694
f 1672/1739 1516/1560 1583/1638
f 1631/1693 1639/1714 1625/1686
f 1634/1696 1664/1731 1620/1681
f 1600/1658 1692/1760 1497/1537
f 1677/1745 1574/1627 1714/1789
f 1617/1678 1636/1698 1690/1758
f 1628/1689 1659/1725 1624/1685
f 1697/1771 1710/1782 1670/1737
f 1048/1066 1357/1384 1511/1554
f 1074/1092 112/112 1158/1178
f 1576/1629 1685/1753 1635/1697
f 1628/1689 1624/1685 1608/1668
f 1628/1689 1573/1626 1646/1708
f 1673/1740 931/944 1417/1447
f 1080/1098 612/614 1719/1794
f 1493/1531 1279/1304 570/572
f 1145/1165 1695/1795 1195/1217
f 1692/1760 1543/1591 1497/1537
f 1519/1564 1667/1734 1451/1486
f 1350/1375 1288/1313 1579/1633
f 1450/1485 1682/1750 1472/1509
f 1680/1748 1406/1436 1531/1577
f 1378/1405 1637/1699 1344/1369
f 1378/1405 1329/1354 1637/1699
f 1693/1761 1676/1775 1631/1712
f 1631/1712 1640/1702 1693/1761
f 1616/1677 1062/1080 241/242
f 1665/1732 1639/1714 1676/1744
f 1676/1775 1693/1761 1698/1767
f 1698/1787 1665/1732 1676/1744
f 1699/1768 1698/1767 1693/1761
f 1612/1673 1263/1287 649/651
f 1668/1765 1698/1787 1697/1766
f 1597/1655 1689/1757 1650/1713
f 1600/1658 1581/1635 1626/1687
f 1689/1757 1629/1690 1704/1774
f 1658/1724 1732/1810 1704/1774
f 1675/1743 1377/1404 1363/1390
f 1292/1317 792/801 1191/1212
f 1721/1798 1716/1791 1670/1737
f 1721/1798 1670/1737 1710/1782
f 1661/1728 1591/1649 1277/1302
f 1660/1727 1706/1777 1567/1618
f 1717/1815 1672/1739 1645/1707
f 1645/1726 1635/1697 1717/1792
f 1691/1759 1389/1416 1550/1598
f 1406/1436 1680/1748 1351/1376
f 1556/1604 1683/1751 1709/1780
f 942/956 77/77 1092/1111
f 1698/1787 1668/1765 1665/1732
f 1599/1657 1666/1733 1654/1719
f 1158/1178 45/45 949/963
f 893/905 1413/1443 1092/1111
f 1707/1778 1308/1333 1598/1656
f 1663/1730 1350/1375 1579/1633
f 1709/1780 1628/1689 1664/1731
f 1634/1696 1709/1780 1664/1731
f 879/891 930/943 334/335
f 1308/1333 1687/1755 1450/1485
f 1519/1564 1592/1650 1667/1734
f 1611/1672 1502/1543 1495/1534
f 1704/1807 1729/1806 1689/1786
f 1713/1788 1704/1807 1732/1819
f 1325/1350 666/668 1399/1428
f 1672/1739 1674/1741 1516/1560
f 1537/1584 1479/1516 1670/1737
f 1475/1512 1291/1316 1641/1703
f 1566/1617 1580/1646 1482/1519
f 1650/1713 1653/1742 1597/1655
f 191/192 150/151 241/242
f 1609/1669 1606/1665 1727/1804
f 1540/1587 1708/1779 1184/1205
f 1689/1786 1729/1806 1702/1772
f 1686/1754 1599/1657 1630/1691
f 821/832 1246/1270 893/905
f 1503/1544 1428/1460 1615/1676
f 1661/1728 1277/1302 1332/1357
f 1529/1575 1543/1591 1692/1760
f 1697/1766 1698/1787 1728/1831
f 1712/1785 1648/1710 1659/1725
f 1331/1356 1193/1215 351/352
f 1684/1752 1607/1666 1706/1777
f 1467/1503 1552/1600 1688/1756
f 1670/1737 1716/1791 1537/1584
f 1674/1741 1740/1820 1533/1580
f 1606/1665 1587/1643 1727/1804
f 1587/1643 1533/1580 1740/1820
f 1747/1827 1658/1724 1690/1758
f 1153/1173 603/605 1149/1169
f 1712/1785 1662/1729 1648/1710
f 1708/1779 1474/1511 1184/1205
f 1281/1306 643/645 646/648
f 199/200 193/194 204/205
f 1712/1785 1659/1725 1722/1799
f 1592/1650 1733/1811 1667/1734
f 1628/1689 1722/1799 1659/1725
f 1715/1790 1145/1165 1198/1220
f 1728/1831 1721/1797 1710/1781
f 51/51 416/417 1070/1088
f 1699/1768 1728/1805 1698/1767
f 1736/1814 1537/1584 1716/1791
f 1603/1662 1641/1703 1320/1345
f 1720/1796 1693/1761 1640/1702
f 1592/1650 1537/1584 1736/1814
f 1696/1764 1723/1800 1652/1717
f 1702/1772 1696/1764 1689/1786
f 1720/1796 1640/1702 1681/1749
f 1666/1733 1599/1657 1686/1754
f 1729/1806 1704/1807 1713/1788
f 1732/1819 1744/1824 1713/1788
f 1506/1548 108/108 1441/1476
f 1728/1831 1710/1781 1697/1766
f 251/252 1183/1204 1297/1322
f 1705/1776 1638/1723 1547/1595
f 1502/1543 1611/1672 1734/1812
f 1636/1698 1662/1729 1725/1802
f 610/612 133/134 1046/1064
f 1615/1676 1428/1460 1458/1494
f 578/580 676/678 153/154
f 1723/1800 1686/1754 1652/1717
f 1654/1719 1605/1664 1593/1651
f 1754/1835 1644/1706 1609/1669
f 1691/1759 1506/1548 1389/1416
f 1754/1835 1660/1727 1644/1706
f 1503/1544 1749/1829 1576/1629
f 168/169 1365/1392 517/518
f 1342/1367 1080/1098 1700/1769
f 1751/1832 1693/1761 1720/1796
f 1628/1689 1709/1780 1746/1826
f 1351/1376 1741/1821 1458/1494
f 1561/1612 1580/1634 1731/1809
f 1569/1621 1714/1789 1518/1562
f 1714/1789 1574/1627 1518/1562
f 1672/1739 1717/1815 1752/1833
f 1754/1835 1609/1669 1727/1804
f 1367/1394 416/417 634/636
f 1728/1831 1758/1851 1721/1797
f 1399/1428 690/692 942/956
f 1538/1585 1367/1394 634/636
f 1736/1814 1716/1791 1758/1839
f 287/288 1183/1204 251/252
f 1733/1811 1742/1822 1667/1734
f 1603/1662 1667/1734 1742/1822
f 1602/1661 1435/1469 1421/1451
f 1736/1814 1733/1811 1592/1650
f 1690/1758 1636/1698 1725/1802
f 1602/1661 1475/1512 1641/1703
f 1105/1124 1179/1200 190/191
f 1771/1853 1657/1722 1627/1688
f 1503/1544 1615/1676 1749/1829
f 1756/1837 1531/1577 1574/1627
f 1712/1785 1725/1802 1662/1729
f 1759/1840 1603/1662 1742/1822
f 1715/1790 1695/1795 1145/1165
f 1553/1601 240/241 617/619
f 201/202 1299/1324 1115/1134
f 1656/1721 1770/1852 1734/1812
f 1734/1812 1611/1672 1656/1721
f 1292/1317 1350/1375 1663/1730
f 201/202 1115/1134 1301/1326
f 1500/1540 1377/1404 1675/1743
f 1747/1827 1732/1810 1658/1724
f 1728/1805 1699/1768 1750/1830
f 1758/1839 1716/1791 1721/1798
f 1718/1793 1467/1503 1688/1756
f 1746/1826 1709/1780 1683/1751
f 1635/1697 1685/1753 1717/1792
f 1724/1801 1344/1369 1637/1699
f 1588/1644 1027/1044 1251/1275
f 1703/1773 1502/1543 1763/1844
f 1757/1838 1693/1761 1751/1832
f 1253/1277 1461/1497 1541/1588
f 1750/1830 1758/1877 1728/1805
f 1587/1643 1740/1820 1766/1847
f 1598/1656 1344/1369 1724/1801
f 1331/1356 351/352 86/86
f 1511/1554 1251/1275 1079/1097
f 1744/1824 1747/1863 1773/1855
f 1775/1857 1773/1855 1747/1863
f 1576/1629 1749/1829 1685/1753
f 1744/1824 1732/1819 1747/1863
f 1731/1809 1651/1715 1561/1612
f 1699/1768 1693/1761 1757/1838
f 1632/1694 1738/1817 1527/1573
f 1684/1752 1765/1846 1643/1705
f 1726/1803 1632/1694 1271/1295
f 1104/1123 1434/1468 1357/1384
f 1774/1856 1759/1840 1742/1822
f 1357/1384 1735/1813 1511/1554
f 1726/1803 1271/1295 1564/1615
f 1759/1840 1641/1703 1603/1662
f 647/649 53/53 1356/1383
f 1627/1688 1643/1705 1771/1853
f 1769/1850 1570/1622 1638/1700
f 1638/1723 1705/1776 1769/1895
f 1727/1804 1587/1643 1766/1847
f 1772/1854 1725/1802 1712/1785
f 1787/1870 1692/1760 1600/1658
f 1130/1149 232/233 1100/1119
f 1569/1621 1500/1540 1748/1828
f 1660/1727 1765/1846 1684/1752
f 1529/1575 1692/1760 1783/1866
f 256/715 932/945 984/1645
f 1761/1842 1772/1854 1712/1785
f 1531/1577 1756/1837 1680/1748
f 1775/1873 1747/1827 1690/1758
f 1764/1845 1733/1811 1736/1814
f 1655/1720 1263/1287 1612/1673
f 1764/1894 1750/1830 1786/1869
f 1769/1850 1656/1721 1570/1622
f 1750/1830 1764/1894 1758/1877
f 1736/1814 1758/1839 1764/1845
f 1552/1600 1782/1865 1688/1756
f 195/196 665/667 1229/1252
f 1722/1799 1761/1842 1712/1785
f 1456/1492 1487/1525 1647/1709
f 1707/1778 1687/1755 1308/1333
f 1423/1589 1777/1859 1307/1332
f 591/593 1307/1332 1059/1077
f 405/406 454/455 1114/1133
f 1690/1758 1791/1875 1775/1873
f 1690/1758 1725/1802 1791/1875
f 1773/1855 1775/1857 1791/1901
f 1360/1387 1440/1474 1671/1738
f 1702/1772 1729/1806 1696/1764
f 1360/1387 1671/1738 1551/1599
f 1699/1768 1757/1838 1767/1848
f 1780/1862 1641/1703 1759/1840
f 1790/1874 1722/1799 1628/1689
f 1191/1212 1745/1825 1590/1648
f 1780/1862 1602/1661 1641/1703
f 1666/1733 1686/1754 1789/1872
f 1332/1357 1435/1469 1661/1728
f 1699/1768 1767/1848 1750/1830
f 1727/1804 1766/1847 1754/1835
f 1643/1705 1765/1846 1797/1884
f 1797/1884 1771/1853 1643/1705
f 1764/1845 1816/1908 1792/1896
f 1792/1876 1800/1887 1786/1869
f 1681/1749 1799/1886 1720/1796
f 1605/1664 1788/1871 1784/1867
f 1654/1719 1666/1733 1788/1871
f 1684/1752 1706/1777 1660/1727
f 1783/1866 1566/1617 1529/1575
f 1744/1824 1729/1806 1713/1788
f 1502/1543 1734/1812 1763/1844
f 1739/1818 1547/1595 1467/1503
f 1685/1753 1749/1829 1815/1907
f 1678/1746 1418/1448 1437/1471
f 1764/1894 1786/1869 1800/1887
f 1800/1926 1816/1908 1764/1845
f 1792/1896 1774/1856 1733/1811
f 1800/1926 1792/1896 1816/1908
f 1742/1822 1733/1811 1774/1856
f 1785/1868 1500/1540 1675/1743
f 1790/1874 1628/1689 1746/1826
f 1798/1885 1780/1862 1759/1840
f 1080/1098 1760/1841 1700/1769
f 1660/1727 1754/1835 1809/1899
f 1330/1355 1153/1173 1778/1860
f 1754/1835 1766/1847 1828/1920
f 251/252 1297/1322 101/101
f 1799/1886 1776/1858 1720/1796
f 1683/1751 1703/1773 1817/1909
f 1774/1881 1796/1882 1812/1905
f 1733/1811 1764/1845 1792/1896
f 1251/1275 1511/1554 1694/1762
f 1602/1661 1780/1862 1435/1469
f 1766/1847 1740/1820 1821/1913
f 1649/1711 235/236 229/230
f 1649/1711 1737/1816 235/236
f 1737/1883 176/177 255/256
f 123/123 908/920 980/995
f 1803/1890 1680/1748 1756/1837
f 1807/1897 1773/1855 1791/1901
f 1750/1830 1804/1891 1806/1893
f 1791/1901 1824/1932 1807/1897
f 1809/1899 1754/1835 1828/1920
f 1812/1903 1798/1885 1759/1840
f 1725/1802 1772/1854 1824/1916
f 1810/1900 1751/1832 1720/1796
f 1786/1869 1774/1881 1792/1876
f 1726/1803 1738/1817 1632/1694
f 1786/1869 1796/1882 1774/1881
f 1217/1240 1342/1367 1700/1769
f 1743/1823 1455/1491 1499/1539
f 1605/1664 1654/1719 1788/1871
f 1681/1749 1657/1722 1827/1919
f 1767/1848 1804/1891 1750/1830
f 1785/1868 1748/1828 1500/1540
f 1752/1833 1674/1741 1672/1739
f 226/227 244/245 253/254
f 1739/1818 1467/1503 1718/1793
f 1824/1916 1791/1875 1725/1802
f 1507/1549 160/161 1193/1215
f 1836/1930 1772/1854 1761/1842
f 1793/1878 1666/1733 1789/1872
f 1790/1874 1811/1902 1722/1799
f 1817/1909 1823/1915 1746/1826
f 1750/1830 1806/1893 1786/1869
f 1472/1509 1794/1879 1410/1440
f 172/173 769/778 215/216
f 1067/1085 931/944 1673/1740
f 46/46 209/210 206/207
f 1812/1903 1759/1840 1774/1856
f 1687/1755 1433/1467 1450/1485
f 1794/1879 1239/1263 1410/1440
f 1832/1924 1717/1792 1685/1753
f 1752/1833 1717/1815 1832/1925
f 118/118 116/116 380/381
f 1740/1820 1822/1914 1821/1913
f 1489/1527 1259/1283 1669/1736
f 1743/1823 1527/1573 1808/1898
f 1770/1852 1656/1721 1769/1850
f 1363/1390 1551/1599 1671/1738
f 1382/1409 1814/1906 1437/1471
f 1767/1848 1757/1838 1830/1922
f 491/492 1546/1594 1299/1324
f 1552/1600 1455/1491 1782/1865
f 608/610 1335/1360 1546/1594
f 1683/1751 1817/1909 1746/1826
f 1615/1676 1458/1494 1741/1821
f 1824/1932 1825/1917 1807/1897
f 1838/1952 1812/1905 1833/1927
f 1798/1885 1812/1903 1838/1933
f 1838/1933 1780/1862 1798/1885
f 1823/1915 1790/1874 1746/1826
f 1720/1796 1776/1858 1810/1900
f 1763/1844 1848/1943 1703/1773
f 1740/1820 1674/1741 1822/1914
f 1780/1862 1826/1918 1435/1469
f 894/906 57/57 70/70
f 1845/1940 1734/1812 1770/1852
f 1568/1619 229/230 228/229
f 1769/1895 1705/1776 1819/1911
f 1695/1763 1851/1946 1669/1736
f 1715/1790 1198/1220 1779/1861
f 1756/1837 1574/1627 1677/1745
f 1527/1573 1738/1817 1808/1898
f 1838/1933 1826/1918 1780/1862
f 1836/1957 1849/1944 1824/1932
f 1680/1748 1741/1821 1351/1376
f 1855/1950 1796/1882 1786/1869
f 1660/1727 1809/1899 1765/1846
f 1674/1741 1752/1833 1842/1937
f 1799/1886 1681/1749 1827/1919
f 1805/1892 1729/1806 1744/1824
f 1433/1467 1682/1750 1450/1485
f 1472/1509 1682/1750 1794/1879
f 1591/1649 1578/1631 1370/1397
f 1580/1646 1566/1617 984/999
f 24/24 987/1002 45/45
f 1301/1326 1115/1134 894/906
f 1743/1823 1499/1539 1527/1573
f 1757/1838 1751/1832 1830/1922
f 1661/1728 1857/1953 1591/1649
f 1661/1728 1435/1469 1826/1918
f 1767/1848 1847/1942 1804/1891
f 1843/1938 1718/1793 1688/1756
f 1769/1895 1831/1923 1863/1960
f 1651/1715 1731/1809 1829/1921
f 1824/1932 1849/1944 1825/1917
f 1836/1930 1824/1916 1772/1854
f 1461/1497 1229/1252 1541/1588
f 1115/1134 1105/1124 894/906
f 1114/1133 1675/1743 1671/1738
f 1081/1099 1865/1962 1282/1307
f 1745/1825 1191/1212 792/801
f 1814/1906 1382/1409 608/610
f 1811/1902 1761/1842 1722/1799
f 1801/1888 1329/1354 1541/1588
f 1782/1865 1843/1938 1688/1756
f 1743/1823 1853/1948 1455/1491
f 1696/1764 1789/1872 1723/1800
f 1779/1861 1198/1220 1474/1511
f 1842/1937 1822/1914 1674/1741
f 1861/1958 1849/1944 1836/1964
f 1836/1964 1862/1965 1861/1958
f 1845/1940 1820/1912 1734/1812
f 190/191 1179/1200 38/38
f 1782/1865 1455/1491 1853/1948
f 1827/1919 1657/1722 1771/1853
f 1179/1200 1062/1080 79/79
f 1363/1390 1671/1738 1675/1743
f 1814/1906 1678/1746 1437/1471
f 1807/1897 1825/1917 1864/1961
f 1626/1687 1605/1664 1834/1928
f 966/980 1880/1979 152/153
f 84/84 1400/1429 227/228
f 1838/1933 1858/1954 1826/1918
f 1726/1803 1564/1615 1456/1492
f 1862/1959 1836/1930 1761/1842
f 1873/1972 1861/1958 1862/1965
f 1811/1902 1862/1959 1761/1842
f 1809/1899 1879/1978 1765/1846
f 185/186 153/154 676/678
f 130/131 980/995 681/683
f 1789/1872 1696/1764 1835/1929
f 1507/1549 479/480 160/161
f 1796/1882 1833/1927 1812/1905
f 1787/1870 1600/1658 1626/1687
f 1818/1910 1569/1621 1748/1828
f 1245/1269 653/655 480/481
f 1839/1934 1838/1952 1833/1927
f 1868/1967 1855/1950 1786/1869
f 1840/1935 1868/1967 1786/1869
f 984/1645 1731/1809 1580/1634
f 1765/1846 1879/1978 1797/1884
f 1795/1880 1854/1949 1649/1711
f 1869/1968 1809/1899 1828/1920
f 1789/1872 1686/1754 1723/1800
f 1781/1864 1456/1492 1647/1709
f 1857/1953 1826/1918 1856/1951
f 1857/1953 1661/1728 1826/1918
f 1806/1893 1840/1935 1786/1869
f 1854/1991 176/177 1737/1883
f 287/288 280/281 1183/1204
f 1730/1808 1149/1169 1298/1323
f 1591/1649 1874/1973 1578/1631
f 1819/1911 1705/1776 1859/1955
f 24/24 260/261 987/1002
f 1744/1824 1813/1904 1805/1892
f 99/99 98/98 123/123
f 1813/1904 1744/1824 1773/1855
f 1616/1677 107/107 1062/1080
f 1434/1468 1416/1446 1892/1993
f 1788/1871 1666/1733 1793/1878
f 1835/1929 1696/1764 1729/1806
f 1828/1920 1766/1847 1821/1913
f 1341/1366 1590/1648 1619/1680
f 1540/1587 1874/1973 1708/1779
f 1540/1587 1578/1631 1874/1973
f 1883/1982 1815/1907 1749/1829
f 676/678 654/656 185/186
f 1870/1969 1752/1833 1832/1925
f 1861/1958 1825/1917 1849/1944
f 1655/1720 1272/1296 1263/1287
f 1856/1951 1890/1990 1857/1953
f 1261/1285 226/227 253/254
f 1550/1598 1410/1440 1239/1263
f 1771/1853 1797/1884 1888/1988
f 1726/1803 1808/1898 1738/1817
f 1875/1974 1873/1972 1862/1965
f 1893/1994 1873/1972 1875/1974
f 1820/1912 1763/1844 1734/1812
f 1828/1920 1889/1989 1869/1968
f 1797/1884 1879/1978 1898/1999
f 1749/1829 1615/1676 1897/1998
f 1799/1886 1891/1992 1776/1858
f 1751/1832 1899/2000 1830/1922
f 1691/1759 1841/1936 1506/1548
f 1888/1988 1797/1884 1898/1999
f 1817/1909 1703/1773 1848/1943
f 1801/1888 1637/1699 1329/1354
f 1838/1952 1884/1983 1858/1987
f 1847/1942 1767/1848 1871/1970
f 1856/1951 1826/1918 1858/1954
f 1805/1892 1877/1976 1729/1806
f 1229/1252 1461/1497 1619/1680
f 1752/1833 1870/1969 1842/1937
f 1548/1596 942/956 1092/1111
f 1847/1942 1886/1985 1804/1891
f 1105/1124 190/191 894/906
f 1871/1970 1767/1848 1830/1922
f 1850/1945 1647/1709 1489/1527
f 185/186 155/156 153/154
f 1874/1973 1591/1649 1857/1953
f 1834/1928 1605/1664 1784/1867
f 571/573 1070/1088 1604/1663
f 1881/1980 1739/1818 1718/1793
f 1811/1902 1875/2001 1862/1959
f 1818/1910 1866/1963 1569/1621
f 1899/2000 1751/1832 1810/1900
f 1799/1886 1827/1919 1882/1981
f 1719/1794 612/614 1325/1350
f 1663/1730 792/801 1292/1317
f 1851/1946 1908/2010 1900/2002
f 1433/1467 141/142 152/153
f 1642/1704 56/56 590/592
f 1886/1985 1806/1893 1804/1891
f 1839/1934 1884/1983 1838/1952
f 1832/1924 1685/1753 1815/1907
f 1773/1855 1807/1897 1813/1904
f 1768/1849 1778/1860 1153/1173
f 1899/2000 1810/1900 1776/1858
f 1837/1931 1447/1482 1633/1695
f 1737/1816 1649/1711 1854/1949
f 1821/1913 1889/1989 1828/1920
f 1642/1704 1590/1648 1745/1825
f 1823/1915 1887/1986 1790/1874
f 175/176 255/256 176/177
f 1809/1899 1869/1968 1902/2004
f 201/202 491/492 1299/1324
f 1799/1886 1882/1981 1891/1992
f 1546/1594 491/492 441/442
f 1883/1982 1749/1829 1897/1998
f 245/246 1525/1570 753/762
f 1863/2024 1845/1940 1770/1852
f 1827/1919 1771/1853 1888/1988
f 1776/1858 1891/1992 1899/2000
f 1705/1776 1547/1595 1739/1818
f 1424/1456 1380/1407 1921/2023
f 1678/1746 1400/1429 1418/1448
f 1651/1715 879/891 1671/1738
f 1830/1922 1906/2008 1871/1970
f 1695/1795 1715/1790 1779/1861
f 1330/1355 1778/1860 1354/1379
f 1456/1492 1781/1864 1726/1803
f 268/269 1616/1677 241/242
f 1770/1852 1769/1850 1863/2024
f 1598/1656 1724/1801 1878/1977
f 1831/1923 1769/1895 1819/1911
f 45/45 1158/1178 23/23
f 1579/1633 1447/1482 1837/1931
f 1682/1750 1433/1467 1880/1979
f 1782/1865 1867/1966 1843/1938
f 109/109 240/241 646/648
f 1867/1966 1782/1865 1853/1948
f 1913/2015 1868/1967 1915/2017
f 1855/1950 1913/2015 1796/1882
f 1875/1974 1910/2012 1916/2018
f 1917/2019 1875/2001 1790/1874
f 1893/1994 1875/1974 1916/2018
f 1839/1934 1833/1927 1907/2009
f 1913/2015 1855/1950 1868/1967
f 1708/1779 1874/1973 1474/1511
f 1893/1994 1916/2018 1873/1972
f 1669/1736 1850/1945 1489/1527
f 1825/1917 1894/1995 1864/1961
f 1875/2001 1811/1902 1790/1874
f 1695/1795 1779/1861 1908/2063
f 1067/1085 1846/1941 1885/1984
f 1707/1778 1598/1656 1701/1770
f 130/131 775/784 380/381
f 1843/1938 1881/1980 1718/1793
f 1787/1870 1626/1687 1834/1928
f 771/780 971/985 654/656
f 1507/1549 975/990 479/480
f 1888/1988 1929/2032 1827/1919
f 1915/2017 1868/1967 1840/1935
f 1929/2032 1882/1981 1827/1919
f 1822/1914 1926/2029 1821/1913
f 1889/1989 1821/1913 1911/2013
f 1879/1978 1809/1899 1902/2004
f 1705/1776 1739/1818 1859/1955
f 1803/1890 1741/1821 1680/1748
f 1550/1598 1895/1996 1691/1759
f 1894/1995 1825/1917 1861/1958
f 1679/1747 1687/1755 1707/1778
f 1833/1927 1796/1882 1913/2015
f 1763/1844 1927/2030 1848/1943
f 1895/1996 1550/1598 1239/1263
f 1874/1973 1857/1953 1925/2028
f 1902/2004 1869/1968 1889/1989
f 1910/2012 1875/1974 1917/2037
f 1790/1874 1887/1986 1917/2019
f 1887/1986 1932/2036 1917/2019
f 1748/1828 1785/1868 1818/1910
f 1924/2027 1830/1922 1899/2000
f 971/985 769/778 172/173
f 1883/1982 1942/2047 1815/1907
f 1692/1760 1787/1870 1783/1866
f 1080/1098 1719/1794 1760/1841
f 1114/1133 1785/1868 1675/1743
f 172/173 215/216 170/171
f 1945/2051 1898/1999 1879/1978
f 1714/1789 1569/1621 1866/1963
f 1830/1922 1924/2027 1906/2008
f 1907/2009 1884/1983 1839/1934
f 1876/1975 1813/1904 1807/1897
f 1932/2054 1933/2038 1917/2037
f 1822/1914 1842/1937 1930/2033
f 1873/1972 1916/2018 1861/1958
f 1922/2025 1858/1987 1884/1983
f 1858/1954 1890/1990 1856/1951
f 1890/1990 1925/2028 1857/1953
f 1817/1909 1919/2021 1823/1915
f 1418/1448 1400/1429 1575/1628
f 1842/1937 1870/1969 1930/2033
f 1820/1912 1845/1940 1863/2024
f 1919/2021 1887/1986 1823/1915
f 1831/1923 1949/2056 1863/1960
f 1835/1929 1729/1806 1877/1976
f 1910/2012 1917/2037 1933/2038
f 1935/2040 1899/2000 1891/1992
f 902/914 653/655 1310/1335
f 1931/2035 1833/1927 1913/2015
f 1880/1979 1794/1879 1682/1750
f 1922/2025 1890/2034 1858/1987
f 1908/2010 1851/1946 1695/1763
f 1908/2010 1914/2016 1900/2002
f 1925/2028 1908/2063 1474/1511
f 1619/1680 943/957 1229/1252
f 1806/1893 1952/2059 1840/1935
f 1739/1818 1881/1980 1872/1971
f 1817/1909 1848/1943 1919/2021
f 1879/1978 1902/2004 1945/2051
f 465/549 158/159 1141/1160
f 1867/1966 1853/1948 1903/2005
f 1888/1988 1898/1999 1947/2053
f 1943/2048 1915/2017 1840/1935
f 1904/2006 1853/1948 1743/1823
f 1356/1383 1633/1695 1575/1628
f 1912/2014 1925/2062 1890/2034
f 1474/1511 1874/1973 1925/2028
f 1870/1969 1832/1925 1942/2049
f 1886/1985 1847/1942 1950/2057
f 1851/1946 1900/2002 1928/2031
f 1931/2035 1937/2042 1833/1927
f 1614/1675 86/86 841/853
f 1217/1240 1700/1769 1762/1843
f 1078/1096 610/612 1559/1609
f 1890/2034 1922/2025 1912/2014
f 1895/1996 1841/1936 1691/1759
f 1963/2072 1922/2025 1951/2058
f 1679/1747 192/193 336/337
f 95/95 460/461 108/108
f 1926/2029 1822/1914 1955/2064
f 1897/1998 1615/1676 1741/1821
f 1909/2011 1908/2010 1925/2062
f 1649/1711 108/108 1795/1880
f 841/853 114/114 1397/1425
f 1779/1861 1474/1511 1908/2063
f 1926/2029 1911/2013 1821/1913
f 1942/2047 1832/1924 1815/1907
f 1806/1893 1886/1985 1952/2059
f 1953/2060 1891/1992 1882/1981
f 280/281 1074/1092 1183/1204
f 1958/2067 1950/2057 1871/1970
f 1887/1986 1948/2055 1932/2036
f 1871/1970 1950/2057 1847/1942
f 1416/1446 1272/1296 1896/1997
f 1724/1801 1637/1699 558/560
f 1919/2021 1948/2055 1887/1986
f 228/229 41/41 206/207
f 1848/1943 1927/2030 1919/2021
f 1961/2070 1951/2058 1884/1983
f 1762/1843 1298/1323 1217/1240
f 1927/2030 1763/1844 1820/1912
f 1956/2065 1913/2015 1915/2017
f 1840/1935 1952/2059 1943/2048
f 1506/1548 1841/1936 108/108
f 1884/1983 1951/2058 1922/2025
f 1948/2076 1966/2075 1932/2054
f 1916/2018 1936/2041 1861/1958
f 1948/2055 1919/2021 1959/2068
f 1959/2080 1960/2069 1948/2076
f 1957/2066 1902/2004 1889/1989
f 1889/1989 1911/2013 1957/2066
f 1955/2064 1822/1914 1930/2033
f 1945/2051 1946/2052 1898/1999
f 1904/2006 1903/2005 1853/1948
f 1863/1960 1949/2056 1941/2046
f 1960/2069 1959/2080 1969/2079
f 1947/2053 1898/1999 1946/2052
f 280/281 156/157 1074/1092
f 1914/2016 1908/2010 1909/2011
f 1907/2009 1833/1927 1937/2042
f 1964/2073 1925/2062 1912/2014
f 1701/1770 1598/1656 1878/1977
f 1871/1970 1906/2008 1958/2067
f 1009/1024 402/403 135/136
f 33/33 108/108 166/167
f 1964/2073 1909/2011 1925/2062
f 1860/1956 1296/1321 1214/1237
f 1955/2064 1930/2033 1971/2082
f 1931/2035 1913/2015 1956/2065
f 1927/2030 1820/1912 1938/2043
f 1081/1099 1067/1085 1885/1984
f 1961/2070 1884/1983 1907/2009
f 1726/1803 1781/1864 1555/1603
f 1966/2075 1933/2038 1932/2054
f 1948/2076 1960/2069 1966/2075
f 1768/1849 1153/1173 1149/1169
f 1678/1746 1814/1906 828/840
f 966/980 1239/1263 1794/1879
f 1579/1633 1837/1931 1711/1783
f 647/649 1356/1383 1045/1063
f 1610/1671 1785/1868 1114/1133
f 1930/2033 1870/1969 1954/2061
f 1851/1946 1928/2031 1669/1736
f 1914/2016 1909/2011 1974/2085
f 1974/2085 1900/2002 1914/2016
f 1968/2078 1899/2000 1935/2040
f 1912/2014 1922/2025 1967/2077
f 1579/1633 1711/1783 1663/1730
f 1669/1736 1928/2031 1850/1945
f 1952/2059 1886/1985 1972/2083
f 1807/1897 1864/1961 1876/1975
f 1610/1671 1818/1910 1785/1868
f 1801/1888 558/560 1637/1699
f 1789/1872 1920/2022 1793/1878
f 1953/2060 1935/2040 1891/1992
f 1788/1871 1793/1878 1920/2022
f 1677/1745 1714/1789 1866/1963
f 1986/2098 1945/2051 1902/2004
f 1837/1931 1633/1695 1356/1383
f 1926/2029 1957/2066 1911/2013
f 1976/2087 1927/2030 1938/2043
f 1934/2039 1647/1709 1850/1945
f 1940/2113 1820/1912 1863/2024
f 1888/1988 1947/2053 1979/2091
f 1960/2069 1969/2079 1973/2084
f 1969/2079 1959/2080 1970/2089
f 1959/2068 1919/2021 1970/2081
f 201/202 1301/1326 81/81
f 1977/2088 1970/2089 1985/2097
f 1985/2102 1970/2081 1919/2021
f 792/801 1642/1704 1745/1825
f 1976/2087 1919/2021 1927/2030
f 1434/1468 1918/2020 1357/1384
f 1229/1252 976/991 1541/1588
f 1981/2093 1882/1981 1929/2032
f 1877/1976 1805/1892 1813/1904
f 1730/1808 1982/2094 1149/1169
f 696/698 1663/1730 1711/1783
f 604/606 432/433 1274/1298
f 1954/2061 1870/1969 1942/2049
f 1618/1679 1619/1680 1590/1648
f 1731/1809 984/1645 1829/1921
f 1929/2032 1888/1988 1981/2093
f 1789/1872 1835/1929 1802/1889
f 660/662 349/350 230/231
f 1882/1981 1992/2105 1953/2060
f 1813/1904 1876/1975 1944/2050
f 1922/2025 1963/2072 1967/2077
f 1945/2051 1986/2098 1946/2052
f 1976/2087 1985/2102 1919/2021
f 1894/1995 1844/1939 1864/1961
f 1904/2006 1743/1823 1808/1898
f 1687/1755 1679/1747 1433/1467
f 1700/1769 1760/1841 1923/2026
f 1976/2087 1997/2110 1985/2102
f 966/980 1794/1879 1880/1979
f 1962/2071 1961/2070 1907/2009
f 1820/1912 1940/2113 1938/2043
f 1999/2112 1762/1843 1700/1769
f 1958/2067 1906/2008 1924/2027
f 1969/2079 1977/2088 1973/2084
f 1970/2089 1977/2088 1969/2079
f 1926/2029 1955/2064 1991/2104
f 1808/1898 1905/2007 1904/2006
f 1677/1745 1866/1963 1756/1837
f 1936/2041 1894/1995 1861/1958
f 1961/2070 1983/2095 1951/2058
f 193/194 654/656 204/205
f 1781/1864 1647/1709 1934/2039
f 1974/2085 1928/2031 1900/2002
f 1899/2000 1968/2078 1924/2027
f 1707/1778 1701/1770 1679/1747
f 1787/1870 1231/1254 1783/1866
f 172/173 214/215 971/985
f 976/991 1801/1888 1541/1588
f 1872/1971 1859/1955 1739/1818
f 1882/1981 1981/2093 1992/2105
f 1753/1834 454/455 1322/1347
f 1931/2035 1988/2100 1937/2042
f 2000/2114 1977/2088 1985/2097
f 25/25 73/73 192/193
f 1907/2009 1937/2042 1962/2071
f 1997/2126 1998/2111 2000/2114
f 1943/2048 1952/2059 1990/2103
f 1993/2106 1967/2077 1963/2072
f 1983/2095 1980/2092 1951/2058
f 1956/2065 1915/2017 1943/2048
f 2004/2118 1974/2085 1909/2011
f 1967/2077 2009/2123 1912/2014
f 1928/2031 1995/2108 1850/1945
f 1995/2108 1928/2031 1974/2085
f 1622/1683 1916/2018 1910/2012
f 1590/1648 1642/1704 1618/1679
f 1846/1941 1067/1085 1673/1740
f 2003/2117 1954/2061 1987/2099
f 1954/2061 2003/2117 1930/2033
f 1951/2058 1980/2092 1963/2072
f 1926/2029 1991/2104 1957/2066
f 1966/2075 1960/2069 1973/2084
f 1902/2004 1957/2066 1986/2098
f 1977/2088 2000/2114 1989/2101
f 2006/2120 1953/2060 1992/2105
f 1997/2110 1976/2087 1938/2043
f 1886/1985 1950/2057 1972/2083
f 1935/2040 1953/2060 2006/2120
f 1939/2044 1995/2108 1974/2085
f 1566/1617 1783/1866 233/234
f 178/179 792/801 696/698
f 1813/1904 1245/1269 1996/2109
f 1888/1988 1979/2091 1981/2093
f 1905/2007 1808/1898 1726/1803
f 1864/1961 902/914 1876/1975
f 1937/2042 2016/2131 1962/2071
f 1978/2090 1903/2005 821/832
f 2010/2124 1850/1945 1995/2108
f 249/250 188/189 930/943
f 2004/2118 1909/2011 1964/2073
f 2000/2114 1985/2097 1997/2126
f 1866/1963 1818/1910 1753/1834
f 1619/1680 1618/1679 943/957
f 1867/1966 1604/1663 1843/1938
f 1575/1628 1045/1063 1356/1383
f 2014/2129 1958/2067 1924/2027
f 1955/2064 2011/2125 1991/2104
f 2019/2134 1942/2047 1883/1982
f 2019/2135 1987/2099 1954/2061
f 1977/2088 1989/2101 1973/2084
f 336/337 1433/1467 1679/1747
f 1996/2109 1877/1976 1813/1904
f 1921/2023 1380/1407 1588/1644
f 1997/2126 1281/1306 1998/2111
f 1245/1269 1813/1904 1944/2050
f 1997/2110 1938/2043 1940/2113
f 1940/2045 1281/1306 1997/2126
f 1966/2075 1614/1675 1933/2038
f 1281/1306 1940/2045 1941/2046
f 1941/2046 1940/2045 1863/1960
f 608/610 1546/1594 441/442
f 1975/2086 1741/1821 1803/1890
f 1477/1514 1354/1379 1901/2003
f 1935/2040 2006/2120 1968/2078
f 233/234 328/329 1566/1617
f 1663/1730 696/698 792/801
f 1282/1307 1965/2074 1214/1237
f 1931/2035 1956/2065 2018/2133
f 971/985 214/215 204/205
f 1931/2035 2018/2133 1988/2100
f 1802/1889 1920/2022 1789/1872
f 1942/2049 2019/2135 1954/2061
f 1604/1663 1881/1980 1843/1938
f 1281/1306 646/648 1998/2111
f 1577/1630 1910/2012 1933/2038
f 1866/1963 1803/1890 1756/1837
f 1903/2005 1904/2006 821/832
f 1962/2071 2026/2142 1961/2070
f 460/461 465/466 1795/1880
f 1957/2066 1991/2104 2015/2130
f 1897/1998 2002/2116 1883/1982
f 1943/2048 2013/2128 1956/2065
f 1930/2033 2003/2117 1971/2082
f 1947/2053 1946/2052 1994/2107
f 1961/2070 2017/2132 1983/2095
f 2010/2124 1548/1596 1850/1945
f 465/466 1854/1949 1795/1880
f 1957/2066 2015/2130 1986/2098
f 1860/1956 1214/1237 1965/2074
f 1975/2086 2007/2121 1897/1998
f 1897/1998 1741/1821 1975/2086
f 1493/1531 123/123 40/40
f 99/99 980/995 130/131
f 1967/2077 1993/2106 2009/2123
f 1986/2098 1994/2107 1946/2052
f 1046/1064 517/518 1365/1392
f 1962/2071 2016/2131 2025/2141
f 1905/2007 1726/1803 1555/1603
f 1990/2103 1952/2059 1972/2083
f 2013/2128 1943/2048 2012/2127
f 1955/2064 1971/2082 2011/2125
f 1968/2078 2021/2137 2022/2138
f 2022/2138 1924/2027 1968/2078
f 1937/2042 2027/2143 2016/2131
f 1062/1080 107/107 79/79
f 1130/1149 1802/1889 1835/1929
f 1784/1867 644/646 1834/1928
f 1130/1149 1835/1929 1877/1976
f 1397/1425 1936/2041 1916/2018
f 1924/2027 2022/2138 2014/2129
f 460/461 1795/1880 108/108
f 1872/1971 1881/1980 1367/1394
f 167/168 1045/1063 1400/1429
f 1553/1601 1755/1836 2000/2114
f 25/25 1878/1977 1724/1801
f 1852/1947 902/914 1310/1335
f 2000/2114 1998/2111 1553/1601
f 2026/2142 1962/2071 2025/2141
f 634/636 402/403 1538/1585
f 2007/2121 2002/2116 1897/1998
f 1988/2100 2027/2143 1937/2042
f 1694/1762 1511/1554 2005/2119
f 204/205 654/656 971/985
f 1577/1630 1614/1675 841/853
f 1525/1570 1877/1976 1996/2109
f 1972/2083 1950/2057 2020/2136
f 1958/2067 2014/2129 2028/2144
f 164/165 226/227 1261/1285
f 2009/2123 1964/2073 1912/2014
f 2024/2140 1964/2073 2009/2123
f 1614/1675 1966/2075 1331/1356
f 1604/1663 1367/1394 1881/1980
f 1616/1677 268/269 107/107
f 1331/1356 1966/2075 1973/2084
f 1990/2103 2012/2127 1943/2048
f 558/560 25/25 1724/1801
f 1894/1995 1936/2041 1274/1298
f 2024/2140 2004/2118 1964/2073
f 1279/1304 44/44 164/165
f 1920/2022 956/970 1788/1871
f 1397/1425 1916/2018 1622/1683
f 2015/2130 2033/2149 1986/2098
f 44/44 1279/1304 1493/1531
f 2033/2149 1994/2107 1986/2098
f 1981/2093 1979/2091 2040/2156
f 2029/2145 2018/2133 1956/2065
f 1802/1889 1130/1149 1100/1119
f 1651/1715 1829/1921 930/943
f 2019/2135 2036/2152 1987/2099
f 1933/2038 1614/1675 1577/1630
f 1755/1836 1989/2101 2000/2114
f 1555/1603 1413/1443 893/905
f 230/231 109/109 93/93
f 1995/2108 1939/2044 2010/2124
f 1867/1966 1903/2005 1181/1202
f 2027/2143 2025/2141 2016/2131
f 2003/2117 1965/2074 1971/2082
f 162/163 735/742 72/72
f 1961/2070 2026/2142 2017/2132
f 1983/2095 2030/2146 1980/2092
f 585/587 93/93 72/72
f 1947/2053 1994/2107 2040/2156
f 2040/2156 1979/2091 1947/2053
f 1423/1455 1296/1321 1860/1956
f 1980/2092 2035/2151 1963/2072
f 1784/1867 689/691 644/646
f 1975/2086 1803/1890 1866/1963
f 1753/1834 1818/1910 1610/1671
f 2029/2145 1956/2065 2013/2128
f 2041/2157 2032/2148 1993/2106
f 828/840 227/228 1678/1746
f 1934/2039 1850/1945 1548/1596
f 1944/2050 1876/1975 1310/1335
f 1367/1394 1859/1955 1872/1971
f 1988/2100 2018/2133 2027/2143
f 1993/2106 2032/2148 2009/2123
f 2042/2158 1983/2095 2017/2132
f 2006/2120 2037/2153 2021/2137
f 2006/2120 1992/2105 2037/2153
f 2021/2137 1968/2078 2006/2120
f 1973/2084 1989/2101 1507/1549
f 1958/2067 2028/2144 1950/2057
f 555/557 1996/2109 1245/1269
f 1114/1133 1671/1738 879/891
f 773/782 1859/1955 1009/1024
f 1768/1849 1149/1169 1982/2094
f 1876/1975 902/914 1852/1947
f 1981/2093 2038/2154 1992/2105
f 617/619 244/245 1755/1836
f 1852/1947 1310/1335 1876/1975
f 1864/1961 1365/1392 902/914
f 1367/1394 1538/1585 1859/1955
f 1864/1961 1046/1064 1365/1392
f 1193/1215 1331/1356 1973/2084
f 1755/1836 244/245 975/990
f 2030/2146 2035/2151 1980/2092
f 1950/2057 2028/2144 2020/2136
f 1972/2083 2020/2136 2043/2159
f 2035/2151 1999/2112 1963/2072
f 2011/2125 1971/2082 1865/1962
f 1831/1923 1819/1911 773/782
f 256/257 235/236 1737/1816
f 1999/2112 2039/2155 1963/2072
f 2039/2155 1993/2106 1963/2072
f 930/943 879/891 1651/1715
f 1046/1064 1864/1961 1844/1939
f 1719/1794 2009/2123 2032/2148
f 2034/2150 2010/2124 1939/2044
f 1934/2039 1413/1443 1781/1864
f 1559/1609 1844/1939 1894/1995
f 2037/2153 1992/2105 2038/2154
f 380/381 116/116 218/219
f 984/999 1566/1617 328/329
f 2025/2141 2027/2143 2044/2160
f 1525/1570 1130/1149 1877/1976
f 1735/1813 2005/2119 1511/1554
f 38/38 1179/1200 79/79
f 1814/1906 608/610 828/840
f 1949/2056 1831/1923 1014/1029
f 2046/2162 1655/1720 1612/1673
f 1885/1984 1991/2104 2011/2125
f 2041/2157 1993/2106 2039/2155
f 1788/1871 689/691 1784/1867
f 932/945 930/943 1829/1921
f 2020/2136 2028/2144 2046/2162
f 1972/2083 2043/2159 1990/2103
f 2031/2147 2012/2127 1990/2103
f 2009/2123 1719/1794 2024/2140
f 2026/2142 2025/2141 2008/2122
f 1974/2085 1399/1428 1939/2044
f 1399/1428 1974/2085 2004/2118
f 821/832 1904/2006 1905/2007
f 2047/2163 2027/2143 2018/2133
f 2024/2140 1399/1428 2004/2118
f 1892/1993 1416/1446 1896/1997
f 1834/1928 1231/1254 1787/1870
f 2026/2142 2008/2122 2017/2132
f 2031/2147 1477/1514 1901/2003
f 1878/1977 192/193 1701/1770
f 558/560 1801/1888 576/578
f 1819/1911 1859/1955 773/782
f 1193/1215 1973/2084 1507/1549
f 2045/2161 2015/2130 1991/2104
f 1978/2090 1181/1202 1903/2005
f 2019/2134 1883/1982 2002/2116
f 2011/2125 1865/1962 1885/1984
f 465/549 1141/1160 176/177
f 1965/2074 2003/2117 1987/2099
f 110/110 190/191 38/38
f 2045/2161 1991/2104 1885/1984
f 1730/1808 1298/1323 1984/2096
f 93/93 585/587 230/231
f 1983/2095 2042/2158 1984/2096
f 2031/2147 1990/2103 2043/2159
f 1274/1298 1559/1609 1894/1995
f 604/606 1936/2041 1397/1425
f 56/56 1642/1704 792/801
f 2008/2122 1982/2094 2017/2132
f 1984/2096 2030/2146 1983/2095
f 2034/2150 1548/1596 2010/2124
f 2012/2127 1901/2003 2013/2128
f 1070/1088 1367/1394 1604/1663
f 1045/1063 1575/1628 1400/1429
f 2008/2122 2001/2115 1768/1849
f 956/970 689/691 1788/1871
f 1755/1836 975/990 1989/2101
f 2040/2156 1994/2107 2023/2139
f 1994/2107 2033/2149 2023/2139
f 2015/2130 1921/2023 2033/2149
f 53/53 1837/1931 1356/1383
f 984/1645 932/945 1829/1921
f 70/70 81/81 1301/1326
f 233/234 1783/1866 680/682
f 1841/1936 1895/1996 166/167
f 1971/2082 1965/2074 1865/1962
f 2018/2133 2029/2145 2047/2163
f 2040/2156 2005/2119 1981/2093
f 2038/2154 1981/2093 2005/2119
f 2021/2137 1918/2020 2014/2129
f 2015/2130 2045/2161 1921/2023
f 2022/2138 2021/2137 2014/2129
f 1588/1644 1694/1762 2040/2156
f 1998/2111 646/648 1553/1601
f 1274/1298 1936/2041 604/606
f 1778/1860 2044/2160 2027/2143
f 1246/1270 1905/2007 1555/1603
f 108/108 1841/1936 166/167
f 2001/2115 2025/2141 2044/2160
f 1622/1683 1910/2012 1577/1630
f 1878/1977 25/25 192/193
f 1014/1029 1941/2046 1949/2056
f 1711/1783 53/53 696/698
f 1014/1029 1831/1923 773/782
f 2037/2153 1918/2020 2021/2137
f 2043/2159 1278/1303 2031/2147
f 1859/1955 1538/1585 402/403
f 23/23 1158/1178 112/112
f 2007/2121 1975/2086 1059/1077
f 1777/1859 2002/2116 2007/2121
f 2042/2158 2017/2132 1982/2094
f 1553/1601 617/619 1755/1836
f 1896/1997 2046/2162 2028/2144
f 1846/1941 2045/2161 1885/1984
f 1325/1350 1399/1428 2024/2140
f 1941/2046 643/645 1281/1306
f 176/177 1854/1991 465/549
f 1896/1997 2028/2144 2014/2129
f 432/433 1078/1096 1274/1298
f 608/610 441/442 21/21
f 349/350 243/244 239/240
f 2002/2116 1777/1859 2019/2134
f 2041/2157 2039/2155 1700/1769
f 41/41 228/229 210/211
f 1251/1275 1694/1762 1588/1644
f 2046/2162 1612/1673 2020/2136
f 2029/2145 2013/2128 1901/2003
f 1735/1813 2037/2153 2038/2154
f 790/799 1525/1570 1996/2109
f 209/210 46/46 101/101
f 841/853 1397/1425 1622/1683
f 1778/1860 2027/2143 2047/2163
f 1434/1468 1892/1993 1918/2020
f 152/153 1880/1979 1433/1467
f 1975/2086 1322/1347 1059/1077
f 1901/2003 2012/2127 2031/2147
f 943/957 195/196 1229/1252
f 1719/1794 2032/2148 2041/2157
f 1939/2044 942/956 2034/2150
f 256/715 1737/1883 255/256
f 1719/1794 1325/1350 2024/2140
f 1989/2101 975/990 1507/1549
f 1996/2109 555/557 790/799
f 1866/1963 1753/1834 1322/1347
f 1921/2023 2045/2161 1673/1740
f 2001/2115 2044/2160 1778/1860
f 2025/2141 2001/2115 2008/2122
f 1433/1467 336/337 141/142
f 1618/1679 590/592 943/957
f 1801/1888 976/991 576/578
f 1944/2050 1310/1335 653/655
f 2007/2121 1059/1077 1307/1332
f 1307/1332 1777/1859 2007/2121
f 245/246 1130/1149 1525/1570
f 112/112 1074/1092 156/157
f 209/210 101/101 1297/1322
f 1322/1347 1975/2086 1866/1963
f 1837/1931 53/53 1711/1783
f 680/682 1783/1866 1231/1254
f 1046/1064 1844/1939 610/612
f 610/612 1844/1939 1559/1609
f 402/403 1009/1024 1859/1955
f 1895/1996 1239/1263 166/167
f 1588/1644 2023/2139 1921/2023
f 1559/1609 1274/1298 1078/1096
f 2047/2163 1354/1379 1778/1860
f 1834/1928 800/810 1231/1254
f 240/241 1553/1601 646/648
f 1181/1202 1978/2090 554/556
f 206/207 41/41 46/46
f 99/99 123/123 980/995
f 1982/2094 1730/1808 2042/2158
f 1921/2023 1417/1447 1424/1456
f 2043/2159 2020/2136 1278/1303
f 1892/1993 2014/2129 1918/2020
f 1762/1843 1999/2112 2035/2151
f 800/810 1834/1928 644/646
f 1860/1956 1987/2099 2036/2152
f 1301/1326 894/906 70/70
f 2033/2149 1921/2023 2023/2139
f 1423/1589 2019/2134 1777/1859
f 1846/1941 1673/1740 2045/2161
f 1860/1956 2036/2152 2019/2135
f 158/159 176/177 1141/1160
f 1548/1596 1092/1111 1934/2039
f 2041/2157 1760/1841 1719/1794
f 1700/1769 1923/2026 2041/2157
f 554/556 1978/2090 821/832
f 1984/2096 2042/2158 1730/1808
f 894/906 190/191 57/57
f 1934/2039 1092/1111 1413/1443
f 643/645 1941/2046 1014/1029
f 1920/2022 1100/1119 956/970
f 1612/1673 1278/1303 2020/2136
f 1548/1596 2034/2150 942/956
f 930/943 932/945 249/250
f 1762/1843 2035/2151 2030/2146
f 2037/2153 1357/1384 1918/2020
f 1896/1997 2014/2129 1892/1993
f 2029/2145 1901/2003 1354/1379
f 1246/1270 1555/1603 893/905
f 1245/1269 1944/2050 653/655
f 1694/1762 2005/2119 2040/2156
f 1921/2023 1673/1740 1417/1447
f 1678/1746 227/228 1400/1429
f 2046/2162 1896/1997 1655/1720
f 2041/2157 1923/2026 1760/1841
f 1700/1769 2039/2155 1999/2112
f 1610/1671 1114/1133 454/455
f 1781/1864 1413/1443 1555/1603
f 1735/1813 2038/2154 2005/2119
f 1753/1834 1610/1671 454/455
f 1865/1962 1965/2074 1282/1307
f 841/853 1622/1683 1577/1630
f 28/28 162/163 72/72
f 1860/1956 1965/2074 1987/2099
f 1298/1323 2030/2146 1984/2096
f 1802/1889 1100/1119 1920/2022
f 2037/2153 1735/1813 1357/1384
f 821/832 1905/2007 1246/1270
f 2029/2145 1354/1379 2047/2163
f 2008/2122 1768/1849 1982/2094
f 1701/1770 192/193 1679/1747
f 571/573 1604/1663 1867/1966
f 44/44 1493/1531 40/40
f 2023/2139 1588/1644 2040/2156
f 1860/1956 2019/2135 1423/1455
f 590/592 1618/1679 1642/1704
f 416/417 1367/1394 1070/1088
f 1865/1962 1081/1099 1885/1984
f 1181/1202 571/573 1867/1966
f 1762/1843 2030/2146 1298/1323
f 86/86 1614/1675 1331/1356
f 1939/2044 1399/1428 942/956
f 1278/1303 1477/1514 2031/2147
f 976/991 1229/1252 665/667
f 2001/2115 1778/1860 1768/1849
f 1896/1997 1272/1296 1655/1720
f 828/840 37/37 227/228
